filename,processed_file,NRMSE
healthy-1-_jpg.rf.9bd021bdd0ac1cd475d170e36f0082e4.jpg,C:\Users\ihver\Desktop\ay2023-2024-2nd-sem-cmsc190-sp2-ihvergara\images\dataset_CS\healthy_CS\healthy-1-_jpg.rf.9bd021bdd0ac1cd475d170e36f0082e4 CS.jpg,0.11447
healthy-10-_jpg.rf.ff86645beca475f9508b9f28983df3dc.jpg,C:\Users\ihver\Desktop\ay2023-2024-2nd-sem-cmsc190-sp2-ihvergara\images\dataset_CS\healthy_CS\healthy-10-_jpg.rf.ff86645beca475f9508b9f28983df3dc CS.jpg,0.11023
healthy-100-_jpg.rf.7866cd75e782de40279827c309c90e9f.jpg,C:\Users\ihver\Desktop\ay2023-2024-2nd-sem-cmsc190-sp2-ihvergara\images\dataset_CS\healthy_CS\healthy-100-_jpg.rf.7866cd75e782de40279827c309c90e9f CS.jpg,0.07930
healthy-101-_jpg.rf.7f3c7ccb57b3fea25fc4001ab7206ab4.jpg,C:\Users\ihver\Desktop\ay2023-2024-2nd-sem-cmsc190-sp2-ihvergara\images\dataset_CS\healthy_CS\healthy-101-_jpg.rf.7f3c7ccb57b3fea25fc4001ab7206ab4 CS.jpg,0.12306
healthy-102-_jpg.rf.857f2c72dbaaac6a0992c13f06ba6e9a.jpg,C:\Users\ihver\Desktop\ay2023-2024-2nd-sem-cmsc190-sp2-ihvergara\images\dataset_CS\healthy_CS\healthy-102-_jpg.rf.857f2c72dbaaac6a0992c13f06ba6e9a CS.jpg,0.10019
healthy-103-_jpg.rf.1ae9de5923a9766fbe21c248ae0e908e.jpg,C:\Users\ihver\Desktop\ay2023-2024-2nd-sem-cmsc190-sp2-ihvergara\images\dataset_CS\healthy_CS\healthy-103-_jpg.rf.1ae9de5923a9766fbe21c248ae0e908e CS.jpg,0.09906
healthy-104-_jpg.rf.f28247daedf616caf25b6c07ffe80c92.jpg,C:\Users\ihver\Desktop\ay2023-2024-2nd-sem-cmsc190-sp2-ihvergara\images\dataset_CS\healthy_CS\healthy-104-_jpg.rf.f28247daedf616caf25b6c07ffe80c92 CS.jpg,0.09929
healthy-105-_jpg.rf.2dcd427decb2dec04cda025fc3bf3a01.jpg,C:\Users\ihver\Desktop\ay2023-2024-2nd-sem-cmsc190-sp2-ihvergara\images\dataset_CS\healthy_CS\healthy-105-_jpg.rf.2dcd427decb2dec04cda025fc3bf3a01 CS.jpg,0.09714
healthy-106-_jpg.rf.0fa1b07da1db40d7399391be8fa8c4e4.jpg,C:\Users\ihver\Desktop\ay2023-2024-2nd-sem-cmsc190-sp2-ihvergara\images\dataset_CS\healthy_CS\healthy-106-_jpg.rf.0fa1b07da1db40d7399391be8fa8c4e4 CS.jpg,0.09009
healthy-107-_jpg.rf.2314eccae37c46ae23f7b94512f46dfc.jpg,C:\Users\ihver\Desktop\ay2023-2024-2nd-sem-cmsc190-sp2-ihvergara\images\dataset_CS\healthy_CS\healthy-107-_jpg.rf.2314eccae37c46ae23f7b94512f46dfc CS.jpg,0.12304
healthy-108-_jpg.rf.0d985bb172c0985bad7c32fc2e6e0f73.jpg,C:\Users\ihver\Desktop\ay2023-2024-2nd-sem-cmsc190-sp2-ihvergara\images\dataset_CS\healthy_CS\healthy-108-_jpg.rf.0d985bb172c0985bad7c32fc2e6e0f73 CS.jpg,0.09646
healthy-109-_jpg.rf.eed30ae709e05af8b7ae86ed29d52a2d.jpg,C:\Users\ihver\Desktop\ay2023-2024-2nd-sem-cmsc190-sp2-ihvergara\images\dataset_CS\healthy_CS\healthy-109-_jpg.rf.eed30ae709e05af8b7ae86ed29d52a2d CS.jpg,0.09907
healthy-11-_jpg.rf.a0f1237b52ca11e37102ab9b29f6a0fb.jpg,C:\Users\ihver\Desktop\ay2023-2024-2nd-sem-cmsc190-sp2-ihvergara\images\dataset_CS\healthy_CS\healthy-11-_jpg.rf.a0f1237b52ca11e37102ab9b29f6a0fb CS.jpg,0.10005
healthy-110-_jpg.rf.6a53a9cbd0416fd626b3d73d4739d481.jpg,C:\Users\ihver\Desktop\ay2023-2024-2nd-sem-cmsc190-sp2-ihvergara\images\dataset_CS\healthy_CS\healthy-110-_jpg.rf.6a53a9cbd0416fd626b3d73d4739d481 CS.jpg,0.10105
healthy-111-_jpg.rf.bc4f61341c4bdb5211a5c42d7f1da553.jpg,C:\Users\ihver\Desktop\ay2023-2024-2nd-sem-cmsc190-sp2-ihvergara\images\dataset_CS\healthy_CS\healthy-111-_jpg.rf.bc4f61341c4bdb5211a5c42d7f1da553 CS.jpg,0.10187
healthy-112-_jpg.rf.8f6e2bd1943c97cdea892ed5c3600d54.jpg,C:\Users\ihver\Desktop\ay2023-2024-2nd-sem-cmsc190-sp2-ihvergara\images\dataset_CS\healthy_CS\healthy-112-_jpg.rf.8f6e2bd1943c97cdea892ed5c3600d54 CS.jpg,0.10146
healthy-113-_jpg.rf.9249a5ca2f5d189d1f7a6e97c32f1dcc.jpg,C:\Users\ihver\Desktop\ay2023-2024-2nd-sem-cmsc190-sp2-ihvergara\images\dataset_CS\healthy_CS\healthy-113-_jpg.rf.9249a5ca2f5d189d1f7a6e97c32f1dcc CS.jpg,0.11198
healthy-114-_jpg.rf.771f2b6ea9bc7bafdf063abe5346a1ca.jpg,C:\Users\ihver\Desktop\ay2023-2024-2nd-sem-cmsc190-sp2-ihvergara\images\dataset_CS\healthy_CS\healthy-114-_jpg.rf.771f2b6ea9bc7bafdf063abe5346a1ca CS.jpg,0.09764
healthy-115-_jpg.rf.e69ff20d8bfa4fcef35141c23f9fa361.jpg,C:\Users\ihver\Desktop\ay2023-2024-2nd-sem-cmsc190-sp2-ihvergara\images\dataset_CS\healthy_CS\healthy-115-_jpg.rf.e69ff20d8bfa4fcef35141c23f9fa361 CS.jpg,0.11324
healthy-116-_jpg.rf.04546039f27a48e44cdd64af6e008d9d.jpg,C:\Users\ihver\Desktop\ay2023-2024-2nd-sem-cmsc190-sp2-ihvergara\images\dataset_CS\healthy_CS\healthy-116-_jpg.rf.04546039f27a48e44cdd64af6e008d9d CS.jpg,0.10883
healthy-117-_jpg.rf.c70eba2ea65cd5ae8fb50056442fc73e.jpg,C:\Users\ihver\Desktop\ay2023-2024-2nd-sem-cmsc190-sp2-ihvergara\images\dataset_CS\healthy_CS\healthy-117-_jpg.rf.c70eba2ea65cd5ae8fb50056442fc73e CS.jpg,0.10923
healthy-118-_jpg.rf.357ae14cee5f3ce7911aa977189caa67.jpg,C:\Users\ihver\Desktop\ay2023-2024-2nd-sem-cmsc190-sp2-ihvergara\images\dataset_CS\healthy_CS\healthy-118-_jpg.rf.357ae14cee5f3ce7911aa977189caa67 CS.jpg,0.12246
healthy-119-_jpg.rf.5aaea30218f679a01e8e07d7f970a0ed.jpg,C:\Users\ihver\Desktop\ay2023-2024-2nd-sem-cmsc190-sp2-ihvergara\images\dataset_CS\healthy_CS\healthy-119-_jpg.rf.5aaea30218f679a01e8e07d7f970a0ed CS.jpg,0.09859
healthy-12-_jpg.rf.8a28dd52f345f929e15ed81a2b4e534b.jpg,C:\Users\ihver\Desktop\ay2023-2024-2nd-sem-cmsc190-sp2-ihvergara\images\dataset_CS\healthy_CS\healthy-12-_jpg.rf.8a28dd52f345f929e15ed81a2b4e534b CS.jpg,0.10490
healthy-120-_jpg.rf.78334ecb614ccf290bae6799b6d7acea.jpg,C:\Users\ihver\Desktop\ay2023-2024-2nd-sem-cmsc190-sp2-ihvergara\images\dataset_CS\healthy_CS\healthy-120-_jpg.rf.78334ecb614ccf290bae6799b6d7acea CS.jpg,0.10024
healthy-121-_jpg.rf.e36c895350e556f4605714918903d912.jpg,C:\Users\ihver\Desktop\ay2023-2024-2nd-sem-cmsc190-sp2-ihvergara\images\dataset_CS\healthy_CS\healthy-121-_jpg.rf.e36c895350e556f4605714918903d912 CS.jpg,0.11329
healthy-122-_jpg.rf.c2f1fd08e5023982303a8e4bbd767092.jpg,C:\Users\ihver\Desktop\ay2023-2024-2nd-sem-cmsc190-sp2-ihvergara\images\dataset_CS\healthy_CS\healthy-122-_jpg.rf.c2f1fd08e5023982303a8e4bbd767092 CS.jpg,0.13536
healthy-123-_jpg.rf.cfccaf0f1ed8af27dc4d0d38c4c4c30c.jpg,C:\Users\ihver\Desktop\ay2023-2024-2nd-sem-cmsc190-sp2-ihvergara\images\dataset_CS\healthy_CS\healthy-123-_jpg.rf.cfccaf0f1ed8af27dc4d0d38c4c4c30c CS.jpg,0.10361
healthy-124-_jpg.rf.cac1dfdb27f814e9f922079172c08044.jpg,C:\Users\ihver\Desktop\ay2023-2024-2nd-sem-cmsc190-sp2-ihvergara\images\dataset_CS\healthy_CS\healthy-124-_jpg.rf.cac1dfdb27f814e9f922079172c08044 CS.jpg,0.10904
healthy-125-_jpg.rf.cdc87c5ae2475d732b4bc560d6015286.jpg,C:\Users\ihver\Desktop\ay2023-2024-2nd-sem-cmsc190-sp2-ihvergara\images\dataset_CS\healthy_CS\healthy-125-_jpg.rf.cdc87c5ae2475d732b4bc560d6015286 CS.jpg,0.11048
healthy-126-_jpg.rf.c3cfafcf88d8d8252db72cc017b94807.jpg,C:\Users\ihver\Desktop\ay2023-2024-2nd-sem-cmsc190-sp2-ihvergara\images\dataset_CS\healthy_CS\healthy-126-_jpg.rf.c3cfafcf88d8d8252db72cc017b94807 CS.jpg,0.10860
healthy-127-_jpg.rf.5b7ada6f774ee4e6de1e850ff728e923.jpg,C:\Users\ihver\Desktop\ay2023-2024-2nd-sem-cmsc190-sp2-ihvergara\images\dataset_CS\healthy_CS\healthy-127-_jpg.rf.5b7ada6f774ee4e6de1e850ff728e923 CS.jpg,0.09636
healthy-128-_jpg.rf.991f721015ab4507046403f98a469a4a.jpg,C:\Users\ihver\Desktop\ay2023-2024-2nd-sem-cmsc190-sp2-ihvergara\images\dataset_CS\healthy_CS\healthy-128-_jpg.rf.991f721015ab4507046403f98a469a4a CS.jpg,0.11438
healthy-129-_jpg.rf.81d3a97ba8afb428743fd9195db2ce83.jpg,C:\Users\ihver\Desktop\ay2023-2024-2nd-sem-cmsc190-sp2-ihvergara\images\dataset_CS\healthy_CS\healthy-129-_jpg.rf.81d3a97ba8afb428743fd9195db2ce83 CS.jpg,0.15654
healthy-13-_jpg.rf.615af5b45b3b313d2197e2c8ab7e0976.jpg,C:\Users\ihver\Desktop\ay2023-2024-2nd-sem-cmsc190-sp2-ihvergara\images\dataset_CS\healthy_CS\healthy-13-_jpg.rf.615af5b45b3b313d2197e2c8ab7e0976 CS.jpg,0.10243
healthy-130-_jpg.rf.144463268063ac961e5a8ab0d5aae1df.jpg,C:\Users\ihver\Desktop\ay2023-2024-2nd-sem-cmsc190-sp2-ihvergara\images\dataset_CS\healthy_CS\healthy-130-_jpg.rf.144463268063ac961e5a8ab0d5aae1df CS.jpg,0.15056
healthy-131-_jpg.rf.fcb521becfe0514ce812339bbeee4f4f.jpg,C:\Users\ihver\Desktop\ay2023-2024-2nd-sem-cmsc190-sp2-ihvergara\images\dataset_CS\healthy_CS\healthy-131-_jpg.rf.fcb521becfe0514ce812339bbeee4f4f CS.jpg,0.12264
healthy-132-_jpg.rf.4df0f84de5303db2afe6f32e9f6523f0.jpg,C:\Users\ihver\Desktop\ay2023-2024-2nd-sem-cmsc190-sp2-ihvergara\images\dataset_CS\healthy_CS\healthy-132-_jpg.rf.4df0f84de5303db2afe6f32e9f6523f0 CS.jpg,0.12488
healthy-133-_jpg.rf.823a5510028dc74526b10ed8b224848d.jpg,C:\Users\ihver\Desktop\ay2023-2024-2nd-sem-cmsc190-sp2-ihvergara\images\dataset_CS\healthy_CS\healthy-133-_jpg.rf.823a5510028dc74526b10ed8b224848d CS.jpg,0.12283
healthy-134-_jpg.rf.bb196f5b50c21db62082ab54a25c0600.jpg,C:\Users\ihver\Desktop\ay2023-2024-2nd-sem-cmsc190-sp2-ihvergara\images\dataset_CS\healthy_CS\healthy-134-_jpg.rf.bb196f5b50c21db62082ab54a25c0600 CS.jpg,0.12377
healthy-135-_jpg.rf.9b204a5ec3edd7bfeae412a2fdcf6adc.jpg,C:\Users\ihver\Desktop\ay2023-2024-2nd-sem-cmsc190-sp2-ihvergara\images\dataset_CS\healthy_CS\healthy-135-_jpg.rf.9b204a5ec3edd7bfeae412a2fdcf6adc CS.jpg,0.11373
healthy-136-_jpg.rf.2ecca959f37873b94257f92f96b3c8f0.jpg,C:\Users\ihver\Desktop\ay2023-2024-2nd-sem-cmsc190-sp2-ihvergara\images\dataset_CS\healthy_CS\healthy-136-_jpg.rf.2ecca959f37873b94257f92f96b3c8f0 CS.jpg,0.10358
healthy-137-_jpg.rf.503dff7d6035cade555b05b36c8809ac.jpg,C:\Users\ihver\Desktop\ay2023-2024-2nd-sem-cmsc190-sp2-ihvergara\images\dataset_CS\healthy_CS\healthy-137-_jpg.rf.503dff7d6035cade555b05b36c8809ac CS.jpg,0.11895
healthy-138-_jpg.rf.2ba9233c02ae1bc298d2928f8a050488.jpg,C:\Users\ihver\Desktop\ay2023-2024-2nd-sem-cmsc190-sp2-ihvergara\images\dataset_CS\healthy_CS\healthy-138-_jpg.rf.2ba9233c02ae1bc298d2928f8a050488 CS.jpg,0.09366
healthy-139-_jpg.rf.eab23e022c2ff909a685eabf3677d306.jpg,C:\Users\ihver\Desktop\ay2023-2024-2nd-sem-cmsc190-sp2-ihvergara\images\dataset_CS\healthy_CS\healthy-139-_jpg.rf.eab23e022c2ff909a685eabf3677d306 CS.jpg,0.12698
healthy-14-_jpg.rf.751e90907a38c2c5afab51805584f0c1.jpg,C:\Users\ihver\Desktop\ay2023-2024-2nd-sem-cmsc190-sp2-ihvergara\images\dataset_CS\healthy_CS\healthy-14-_jpg.rf.751e90907a38c2c5afab51805584f0c1 CS.jpg,0.08906
healthy-140-_jpg.rf.175c0ac2a3945d2490849449e9dc53f8.jpg,C:\Users\ihver\Desktop\ay2023-2024-2nd-sem-cmsc190-sp2-ihvergara\images\dataset_CS\healthy_CS\healthy-140-_jpg.rf.175c0ac2a3945d2490849449e9dc53f8 CS.jpg,0.12288
healthy-141-_jpg.rf.0a90843119adac7dac1ae4502e985402.jpg,C:\Users\ihver\Desktop\ay2023-2024-2nd-sem-cmsc190-sp2-ihvergara\images\dataset_CS\healthy_CS\healthy-141-_jpg.rf.0a90843119adac7dac1ae4502e985402 CS.jpg,0.10823
healthy-142-_jpg.rf.46639fcdfab6d40afe24aa1e9fe97fd3.jpg,C:\Users\ihver\Desktop\ay2023-2024-2nd-sem-cmsc190-sp2-ihvergara\images\dataset_CS\healthy_CS\healthy-142-_jpg.rf.46639fcdfab6d40afe24aa1e9fe97fd3 CS.jpg,0.10991
healthy-143-_jpg.rf.c88f869f7856c3e468e444b86dd4a967.jpg,C:\Users\ihver\Desktop\ay2023-2024-2nd-sem-cmsc190-sp2-ihvergara\images\dataset_CS\healthy_CS\healthy-143-_jpg.rf.c88f869f7856c3e468e444b86dd4a967 CS.jpg,0.10211
healthy-144-_jpg.rf.a6bed80322e34112642be14139a3775d.jpg,C:\Users\ihver\Desktop\ay2023-2024-2nd-sem-cmsc190-sp2-ihvergara\images\dataset_CS\healthy_CS\healthy-144-_jpg.rf.a6bed80322e34112642be14139a3775d CS.jpg,0.09887
healthy-145-_jpg.rf.f3b5e5843945de3fb266f7bb0b824dd2.jpg,C:\Users\ihver\Desktop\ay2023-2024-2nd-sem-cmsc190-sp2-ihvergara\images\dataset_CS\healthy_CS\healthy-145-_jpg.rf.f3b5e5843945de3fb266f7bb0b824dd2 CS.jpg,0.08817
healthy-146-_jpg.rf.3d3c3e54970c30ab96e5bd0c8e9a04bf.jpg,C:\Users\ihver\Desktop\ay2023-2024-2nd-sem-cmsc190-sp2-ihvergara\images\dataset_CS\healthy_CS\healthy-146-_jpg.rf.3d3c3e54970c30ab96e5bd0c8e9a04bf CS.jpg,0.09807
healthy-147-_jpg.rf.dec0731937aa7b542462544377ef479f.jpg,C:\Users\ihver\Desktop\ay2023-2024-2nd-sem-cmsc190-sp2-ihvergara\images\dataset_CS\healthy_CS\healthy-147-_jpg.rf.dec0731937aa7b542462544377ef479f CS.jpg,0.11024
healthy-148-_jpg.rf.1b0d580123bb1a0208a55f3e9dd6044c.jpg,C:\Users\ihver\Desktop\ay2023-2024-2nd-sem-cmsc190-sp2-ihvergara\images\dataset_CS\healthy_CS\healthy-148-_jpg.rf.1b0d580123bb1a0208a55f3e9dd6044c CS.jpg,0.10781
healthy-149-_jpg.rf.61d1558932c323e1c8f5ef6c24641f55.jpg,C:\Users\ihver\Desktop\ay2023-2024-2nd-sem-cmsc190-sp2-ihvergara\images\dataset_CS\healthy_CS\healthy-149-_jpg.rf.61d1558932c323e1c8f5ef6c24641f55 CS.jpg,0.10013
healthy-15-_jpg.rf.d3967077b9f703e4912fe22ae23f50dc.jpg,C:\Users\ihver\Desktop\ay2023-2024-2nd-sem-cmsc190-sp2-ihvergara\images\dataset_CS\healthy_CS\healthy-15-_jpg.rf.d3967077b9f703e4912fe22ae23f50dc CS.jpg,0.08793
healthy-150-_jpg.rf.294b3707925826bce8336303c2dbe239.jpg,C:\Users\ihver\Desktop\ay2023-2024-2nd-sem-cmsc190-sp2-ihvergara\images\dataset_CS\healthy_CS\healthy-150-_jpg.rf.294b3707925826bce8336303c2dbe239 CS.jpg,0.11318
healthy-151-_jpg.rf.625a4e17dd0ef25fe59798446e351216.jpg,C:\Users\ihver\Desktop\ay2023-2024-2nd-sem-cmsc190-sp2-ihvergara\images\dataset_CS\healthy_CS\healthy-151-_jpg.rf.625a4e17dd0ef25fe59798446e351216 CS.jpg,0.10742
healthy-152-_jpg.rf.dd072d776a3e9d78bd55111cac48986e.jpg,C:\Users\ihver\Desktop\ay2023-2024-2nd-sem-cmsc190-sp2-ihvergara\images\dataset_CS\healthy_CS\healthy-152-_jpg.rf.dd072d776a3e9d78bd55111cac48986e CS.jpg,0.09954
healthy-153-_jpg.rf.5be6d34644892bff3da9b634e251f9d3.jpg,C:\Users\ihver\Desktop\ay2023-2024-2nd-sem-cmsc190-sp2-ihvergara\images\dataset_CS\healthy_CS\healthy-153-_jpg.rf.5be6d34644892bff3da9b634e251f9d3 CS.jpg,0.09222
healthy-154-_jpg.rf.38d20b8cf13740a2e65091e1f85c3f4d.jpg,C:\Users\ihver\Desktop\ay2023-2024-2nd-sem-cmsc190-sp2-ihvergara\images\dataset_CS\healthy_CS\healthy-154-_jpg.rf.38d20b8cf13740a2e65091e1f85c3f4d CS.jpg,0.10373
healthy-155-_jpg.rf.fcec6922fead05bab963014a8f7b3be5.jpg,C:\Users\ihver\Desktop\ay2023-2024-2nd-sem-cmsc190-sp2-ihvergara\images\dataset_CS\healthy_CS\healthy-155-_jpg.rf.fcec6922fead05bab963014a8f7b3be5 CS.jpg,0.10945
healthy-156-_jpg.rf.ca8d2ff6aff786a2d44647d331e857a0.jpg,C:\Users\ihver\Desktop\ay2023-2024-2nd-sem-cmsc190-sp2-ihvergara\images\dataset_CS\healthy_CS\healthy-156-_jpg.rf.ca8d2ff6aff786a2d44647d331e857a0 CS.jpg,0.11053
healthy-157-_jpg.rf.ca29eb245a381858c115d4976f173317.jpg,C:\Users\ihver\Desktop\ay2023-2024-2nd-sem-cmsc190-sp2-ihvergara\images\dataset_CS\healthy_CS\healthy-157-_jpg.rf.ca29eb245a381858c115d4976f173317 CS.jpg,0.10273
healthy-158-_jpg.rf.9f3c3221002c743482d914d7f44b60df.jpg,C:\Users\ihver\Desktop\ay2023-2024-2nd-sem-cmsc190-sp2-ihvergara\images\dataset_CS\healthy_CS\healthy-158-_jpg.rf.9f3c3221002c743482d914d7f44b60df CS.jpg,0.09730
healthy-159-_jpg.rf.d353312ca63686143f34d4fcfc5a5e48.jpg,C:\Users\ihver\Desktop\ay2023-2024-2nd-sem-cmsc190-sp2-ihvergara\images\dataset_CS\healthy_CS\healthy-159-_jpg.rf.d353312ca63686143f34d4fcfc5a5e48 CS.jpg,0.11180
healthy-16-_jpg.rf.09aef101bff8b5cdbc26bb6b98797781.jpg,C:\Users\ihver\Desktop\ay2023-2024-2nd-sem-cmsc190-sp2-ihvergara\images\dataset_CS\healthy_CS\healthy-16-_jpg.rf.09aef101bff8b5cdbc26bb6b98797781 CS.jpg,0.10058
healthy-160-_jpg.rf.f0107b5e8120f113bfbb5207cdb0695e.jpg,C:\Users\ihver\Desktop\ay2023-2024-2nd-sem-cmsc190-sp2-ihvergara\images\dataset_CS\healthy_CS\healthy-160-_jpg.rf.f0107b5e8120f113bfbb5207cdb0695e CS.jpg,0.11037
healthy-161-_jpg.rf.a14855516d10bc51d23b441c32f5df14.jpg,C:\Users\ihver\Desktop\ay2023-2024-2nd-sem-cmsc190-sp2-ihvergara\images\dataset_CS\healthy_CS\healthy-161-_jpg.rf.a14855516d10bc51d23b441c32f5df14 CS.jpg,0.10025
healthy-162-_jpg.rf.50c17ef3ee870c2dcf6f8a0e9fb7dd28.jpg,C:\Users\ihver\Desktop\ay2023-2024-2nd-sem-cmsc190-sp2-ihvergara\images\dataset_CS\healthy_CS\healthy-162-_jpg.rf.50c17ef3ee870c2dcf6f8a0e9fb7dd28 CS.jpg,0.10468
healthy-163-_jpg.rf.b4e72429e190d93f1b92b910f89a5fa2.jpg,C:\Users\ihver\Desktop\ay2023-2024-2nd-sem-cmsc190-sp2-ihvergara\images\dataset_CS\healthy_CS\healthy-163-_jpg.rf.b4e72429e190d93f1b92b910f89a5fa2 CS.jpg,0.10029
healthy-164-_jpg.rf.7ca90995a5cd637e12e1a1abb4cfd408.jpg,C:\Users\ihver\Desktop\ay2023-2024-2nd-sem-cmsc190-sp2-ihvergara\images\dataset_CS\healthy_CS\healthy-164-_jpg.rf.7ca90995a5cd637e12e1a1abb4cfd408 CS.jpg,0.11247
healthy-165-_jpg.rf.d99e1c9ae30a9da0c53a48c5b8c8a64a.jpg,C:\Users\ihver\Desktop\ay2023-2024-2nd-sem-cmsc190-sp2-ihvergara\images\dataset_CS\healthy_CS\healthy-165-_jpg.rf.d99e1c9ae30a9da0c53a48c5b8c8a64a CS.jpg,0.10482
healthy-166-_jpg.rf.8c3839e01b1550d9e9d5f3ac4bc4ed04.jpg,C:\Users\ihver\Desktop\ay2023-2024-2nd-sem-cmsc190-sp2-ihvergara\images\dataset_CS\healthy_CS\healthy-166-_jpg.rf.8c3839e01b1550d9e9d5f3ac4bc4ed04 CS.jpg,0.09267
healthy-167-_jpg.rf.c463cf099bcc3b612f2b5da8ae500fe9.jpg,C:\Users\ihver\Desktop\ay2023-2024-2nd-sem-cmsc190-sp2-ihvergara\images\dataset_CS\healthy_CS\healthy-167-_jpg.rf.c463cf099bcc3b612f2b5da8ae500fe9 CS.jpg,0.09390
healthy-168-_jpg.rf.3f6f95ac858b28f3deddbf1b151f985d.jpg,C:\Users\ihver\Desktop\ay2023-2024-2nd-sem-cmsc190-sp2-ihvergara\images\dataset_CS\healthy_CS\healthy-168-_jpg.rf.3f6f95ac858b28f3deddbf1b151f985d CS.jpg,0.12990
healthy-169-_jpg.rf.ec79bd508478e8b28a1e701d74235bd8.jpg,C:\Users\ihver\Desktop\ay2023-2024-2nd-sem-cmsc190-sp2-ihvergara\images\dataset_CS\healthy_CS\healthy-169-_jpg.rf.ec79bd508478e8b28a1e701d74235bd8 CS.jpg,0.10698
healthy-17-_jpg.rf.126ee071605b0dc15932d57e2ad9507d.jpg,C:\Users\ihver\Desktop\ay2023-2024-2nd-sem-cmsc190-sp2-ihvergara\images\dataset_CS\healthy_CS\healthy-17-_jpg.rf.126ee071605b0dc15932d57e2ad9507d CS.jpg,0.10929
healthy-170-_jpg.rf.c7ef5a36a5269106ee9da74c29f614c2.jpg,C:\Users\ihver\Desktop\ay2023-2024-2nd-sem-cmsc190-sp2-ihvergara\images\dataset_CS\healthy_CS\healthy-170-_jpg.rf.c7ef5a36a5269106ee9da74c29f614c2 CS.jpg,0.11267
healthy-171-_jpg.rf.ae1ad9646b8dc1d396623a3a227d4462.jpg,C:\Users\ihver\Desktop\ay2023-2024-2nd-sem-cmsc190-sp2-ihvergara\images\dataset_CS\healthy_CS\healthy-171-_jpg.rf.ae1ad9646b8dc1d396623a3a227d4462 CS.jpg,0.09561
healthy-172-_jpg.rf.f1a87c729fea5476afc3055c280c2dd4.jpg,C:\Users\ihver\Desktop\ay2023-2024-2nd-sem-cmsc190-sp2-ihvergara\images\dataset_CS\healthy_CS\healthy-172-_jpg.rf.f1a87c729fea5476afc3055c280c2dd4 CS.jpg,0.10853
healthy-173-_jpg.rf.7580427441e365eb483eed4fe8a54f6b.jpg,C:\Users\ihver\Desktop\ay2023-2024-2nd-sem-cmsc190-sp2-ihvergara\images\dataset_CS\healthy_CS\healthy-173-_jpg.rf.7580427441e365eb483eed4fe8a54f6b CS.jpg,0.10305
healthy-174-_jpg.rf.7a22459edf58525f1ad75b8ada58d3e4.jpg,C:\Users\ihver\Desktop\ay2023-2024-2nd-sem-cmsc190-sp2-ihvergara\images\dataset_CS\healthy_CS\healthy-174-_jpg.rf.7a22459edf58525f1ad75b8ada58d3e4 CS.jpg,0.10164
healthy-175-_jpg.rf.213a91af01f35b5fa00ab7bc61fcab21.jpg,C:\Users\ihver\Desktop\ay2023-2024-2nd-sem-cmsc190-sp2-ihvergara\images\dataset_CS\healthy_CS\healthy-175-_jpg.rf.213a91af01f35b5fa00ab7bc61fcab21 CS.jpg,0.08263
healthy-176-_jpg.rf.146c922f6f21b0610f6f3dd4f693b303.jpg,C:\Users\ihver\Desktop\ay2023-2024-2nd-sem-cmsc190-sp2-ihvergara\images\dataset_CS\healthy_CS\healthy-176-_jpg.rf.146c922f6f21b0610f6f3dd4f693b303 CS.jpg,0.10340
healthy-177-_jpg.rf.47f60aa3becc58be12c74ce5fb919904.jpg,C:\Users\ihver\Desktop\ay2023-2024-2nd-sem-cmsc190-sp2-ihvergara\images\dataset_CS\healthy_CS\healthy-177-_jpg.rf.47f60aa3becc58be12c74ce5fb919904 CS.jpg,0.11145
healthy-178-_jpg.rf.c4ecae9c6b684915c9c22adb21ffbe60.jpg,C:\Users\ihver\Desktop\ay2023-2024-2nd-sem-cmsc190-sp2-ihvergara\images\dataset_CS\healthy_CS\healthy-178-_jpg.rf.c4ecae9c6b684915c9c22adb21ffbe60 CS.jpg,0.09714
healthy-179-_jpg.rf.f4767892f9c04281c593d6fcb03c3eef.jpg,C:\Users\ihver\Desktop\ay2023-2024-2nd-sem-cmsc190-sp2-ihvergara\images\dataset_CS\healthy_CS\healthy-179-_jpg.rf.f4767892f9c04281c593d6fcb03c3eef CS.jpg,0.10624
healthy-18-_jpg.rf.f935fddc67cf1f8a4db5d7b89c025abd.jpg,C:\Users\ihver\Desktop\ay2023-2024-2nd-sem-cmsc190-sp2-ihvergara\images\dataset_CS\healthy_CS\healthy-18-_jpg.rf.f935fddc67cf1f8a4db5d7b89c025abd CS.jpg,0.09049
healthy-180-_jpg.rf.be4fb66d9e80af7d9e3d603a6ea0a7d9.jpg,C:\Users\ihver\Desktop\ay2023-2024-2nd-sem-cmsc190-sp2-ihvergara\images\dataset_CS\healthy_CS\healthy-180-_jpg.rf.be4fb66d9e80af7d9e3d603a6ea0a7d9 CS.jpg,0.09037
healthy-181-_jpg.rf.fcd0013d57812278852c8a7e7b40cc0a.jpg,C:\Users\ihver\Desktop\ay2023-2024-2nd-sem-cmsc190-sp2-ihvergara\images\dataset_CS\healthy_CS\healthy-181-_jpg.rf.fcd0013d57812278852c8a7e7b40cc0a CS.jpg,0.08531
healthy-182-_jpg.rf.5600adcacb33d9b3972ad557a7dbce3e.jpg,C:\Users\ihver\Desktop\ay2023-2024-2nd-sem-cmsc190-sp2-ihvergara\images\dataset_CS\healthy_CS\healthy-182-_jpg.rf.5600adcacb33d9b3972ad557a7dbce3e CS.jpg,0.09711
healthy-183-_jpg.rf.578c3d50d59e6ed250d75ca17e7a4c4b.jpg,C:\Users\ihver\Desktop\ay2023-2024-2nd-sem-cmsc190-sp2-ihvergara\images\dataset_CS\healthy_CS\healthy-183-_jpg.rf.578c3d50d59e6ed250d75ca17e7a4c4b CS.jpg,0.09710
healthy-184-_jpg.rf.c83dbf7b02a17587d22180e667b62f51.jpg,C:\Users\ihver\Desktop\ay2023-2024-2nd-sem-cmsc190-sp2-ihvergara\images\dataset_CS\healthy_CS\healthy-184-_jpg.rf.c83dbf7b02a17587d22180e667b62f51 CS.jpg,0.09846
healthy-185-_jpg.rf.6fba8d67d1c67a5edc17d02624a2a5f3.jpg,C:\Users\ihver\Desktop\ay2023-2024-2nd-sem-cmsc190-sp2-ihvergara\images\dataset_CS\healthy_CS\healthy-185-_jpg.rf.6fba8d67d1c67a5edc17d02624a2a5f3 CS.jpg,0.09896
healthy-186-_jpg.rf.0f83c82319ddff2426dfb0797f8b68af.jpg,C:\Users\ihver\Desktop\ay2023-2024-2nd-sem-cmsc190-sp2-ihvergara\images\dataset_CS\healthy_CS\healthy-186-_jpg.rf.0f83c82319ddff2426dfb0797f8b68af CS.jpg,0.07923
healthy-187-_jpg.rf.9b57717c28f20d920a46788bc2f13664.jpg,C:\Users\ihver\Desktop\ay2023-2024-2nd-sem-cmsc190-sp2-ihvergara\images\dataset_CS\healthy_CS\healthy-187-_jpg.rf.9b57717c28f20d920a46788bc2f13664 CS.jpg,0.09977
healthy-188-_jpg.rf.169f7a4b189c07e2a8525d7aad1ce2ab.jpg,C:\Users\ihver\Desktop\ay2023-2024-2nd-sem-cmsc190-sp2-ihvergara\images\dataset_CS\healthy_CS\healthy-188-_jpg.rf.169f7a4b189c07e2a8525d7aad1ce2ab CS.jpg,0.10460
healthy-189-_jpg.rf.f4b900e77702c2879d0bbad7d4b81bf4.jpg,C:\Users\ihver\Desktop\ay2023-2024-2nd-sem-cmsc190-sp2-ihvergara\images\dataset_CS\healthy_CS\healthy-189-_jpg.rf.f4b900e77702c2879d0bbad7d4b81bf4 CS.jpg,0.10603
healthy-19-_jpg.rf.9e4de07bb4874d2ff6ecc4d72e6a2325.jpg,C:\Users\ihver\Desktop\ay2023-2024-2nd-sem-cmsc190-sp2-ihvergara\images\dataset_CS\healthy_CS\healthy-19-_jpg.rf.9e4de07bb4874d2ff6ecc4d72e6a2325 CS.jpg,0.11906
healthy-190-_jpg.rf.25ed8c13f753ac5c1f5a850be3876ed6.jpg,C:\Users\ihver\Desktop\ay2023-2024-2nd-sem-cmsc190-sp2-ihvergara\images\dataset_CS\healthy_CS\healthy-190-_jpg.rf.25ed8c13f753ac5c1f5a850be3876ed6 CS.jpg,0.09737
healthy-191-_jpg.rf.3198d3eef6f7dc2ac723619649734aa7.jpg,C:\Users\ihver\Desktop\ay2023-2024-2nd-sem-cmsc190-sp2-ihvergara\images\dataset_CS\healthy_CS\healthy-191-_jpg.rf.3198d3eef6f7dc2ac723619649734aa7 CS.jpg,0.11915
healthy-192-_jpg.rf.c7432ca39816fbdc2626db8ca22ec22f.jpg,C:\Users\ihver\Desktop\ay2023-2024-2nd-sem-cmsc190-sp2-ihvergara\images\dataset_CS\healthy_CS\healthy-192-_jpg.rf.c7432ca39816fbdc2626db8ca22ec22f CS.jpg,0.09209
healthy-193-_jpg.rf.d94df3230e6eec75b6b339109831b05c.jpg,C:\Users\ihver\Desktop\ay2023-2024-2nd-sem-cmsc190-sp2-ihvergara\images\dataset_CS\healthy_CS\healthy-193-_jpg.rf.d94df3230e6eec75b6b339109831b05c CS.jpg,0.08243
healthy-194-_jpg.rf.dc0e7eb57bc580260f026a1249e57cc3.jpg,C:\Users\ihver\Desktop\ay2023-2024-2nd-sem-cmsc190-sp2-ihvergara\images\dataset_CS\healthy_CS\healthy-194-_jpg.rf.dc0e7eb57bc580260f026a1249e57cc3 CS.jpg,0.11090
healthy-195-_jpg.rf.815c9e97edd75ace6f807deb74675b0f.jpg,C:\Users\ihver\Desktop\ay2023-2024-2nd-sem-cmsc190-sp2-ihvergara\images\dataset_CS\healthy_CS\healthy-195-_jpg.rf.815c9e97edd75ace6f807deb74675b0f CS.jpg,0.09128
healthy-196-_jpg.rf.e9902d9fcf63cc9a6b1b9065818bca3b.jpg,C:\Users\ihver\Desktop\ay2023-2024-2nd-sem-cmsc190-sp2-ihvergara\images\dataset_CS\healthy_CS\healthy-196-_jpg.rf.e9902d9fcf63cc9a6b1b9065818bca3b CS.jpg,0.13145
healthy-197-_jpg.rf.09b1b513a89047b36bddd81b5df80bae.jpg,C:\Users\ihver\Desktop\ay2023-2024-2nd-sem-cmsc190-sp2-ihvergara\images\dataset_CS\healthy_CS\healthy-197-_jpg.rf.09b1b513a89047b36bddd81b5df80bae CS.jpg,0.14445
healthy-198-_jpg.rf.6673ec1bee32777d5b86c9d2cb979732.jpg,C:\Users\ihver\Desktop\ay2023-2024-2nd-sem-cmsc190-sp2-ihvergara\images\dataset_CS\healthy_CS\healthy-198-_jpg.rf.6673ec1bee32777d5b86c9d2cb979732 CS.jpg,0.09506
healthy-199-_jpg.rf.03d8c86222aefc4b7b6750a62336415a.jpg,C:\Users\ihver\Desktop\ay2023-2024-2nd-sem-cmsc190-sp2-ihvergara\images\dataset_CS\healthy_CS\healthy-199-_jpg.rf.03d8c86222aefc4b7b6750a62336415a CS.jpg,0.14080
healthy-2-_jpg.rf.ed76cd06024d855803b9aa321a835437.jpg,C:\Users\ihver\Desktop\ay2023-2024-2nd-sem-cmsc190-sp2-ihvergara\images\dataset_CS\healthy_CS\healthy-2-_jpg.rf.ed76cd06024d855803b9aa321a835437 CS.jpg,0.10371
healthy-20-_jpg.rf.1f2b978a2cc5140fff62caf2b4877873.jpg,C:\Users\ihver\Desktop\ay2023-2024-2nd-sem-cmsc190-sp2-ihvergara\images\dataset_CS\healthy_CS\healthy-20-_jpg.rf.1f2b978a2cc5140fff62caf2b4877873 CS.jpg,0.11009
healthy-200-_jpg.rf.cab82182545831eda7d81a01ff942706.jpg,C:\Users\ihver\Desktop\ay2023-2024-2nd-sem-cmsc190-sp2-ihvergara\images\dataset_CS\healthy_CS\healthy-200-_jpg.rf.cab82182545831eda7d81a01ff942706 CS.jpg,0.09946
healthy-201-_jpg.rf.2e0153963ab923618d0f102fea74f5fd.jpg,C:\Users\ihver\Desktop\ay2023-2024-2nd-sem-cmsc190-sp2-ihvergara\images\dataset_CS\healthy_CS\healthy-201-_jpg.rf.2e0153963ab923618d0f102fea74f5fd CS.jpg,0.14090
healthy-202-_jpg.rf.4ab168d250638d8c3a1acdf57616594f.jpg,C:\Users\ihver\Desktop\ay2023-2024-2nd-sem-cmsc190-sp2-ihvergara\images\dataset_CS\healthy_CS\healthy-202-_jpg.rf.4ab168d250638d8c3a1acdf57616594f CS.jpg,0.13750
healthy-203-_jpg.rf.36896db03ec29a2bfa3a3c00681ed768.jpg,C:\Users\ihver\Desktop\ay2023-2024-2nd-sem-cmsc190-sp2-ihvergara\images\dataset_CS\healthy_CS\healthy-203-_jpg.rf.36896db03ec29a2bfa3a3c00681ed768 CS.jpg,0.14266
healthy-204-_jpg.rf.6d3300e9822a2eafc1a92c8f035c8427.jpg,C:\Users\ihver\Desktop\ay2023-2024-2nd-sem-cmsc190-sp2-ihvergara\images\dataset_CS\healthy_CS\healthy-204-_jpg.rf.6d3300e9822a2eafc1a92c8f035c8427 CS.jpg,0.09419
healthy-205-_jpg.rf.17c85a3b8f02cc0a386c1007c157b51b.jpg,C:\Users\ihver\Desktop\ay2023-2024-2nd-sem-cmsc190-sp2-ihvergara\images\dataset_CS\healthy_CS\healthy-205-_jpg.rf.17c85a3b8f02cc0a386c1007c157b51b CS.jpg,0.12076
healthy-206-_jpg.rf.a9c2b405b621494281aeab1dbd78e7af.jpg,C:\Users\ihver\Desktop\ay2023-2024-2nd-sem-cmsc190-sp2-ihvergara\images\dataset_CS\healthy_CS\healthy-206-_jpg.rf.a9c2b405b621494281aeab1dbd78e7af CS.jpg,0.10627
healthy-207-_jpg.rf.455e66420b71d34cf0c0fbaf31f4fa4a.jpg,C:\Users\ihver\Desktop\ay2023-2024-2nd-sem-cmsc190-sp2-ihvergara\images\dataset_CS\healthy_CS\healthy-207-_jpg.rf.455e66420b71d34cf0c0fbaf31f4fa4a CS.jpg,0.13636
healthy-208-_jpg.rf.5a6ac6bb9e25880b742c15913bbdcec1.jpg,C:\Users\ihver\Desktop\ay2023-2024-2nd-sem-cmsc190-sp2-ihvergara\images\dataset_CS\healthy_CS\healthy-208-_jpg.rf.5a6ac6bb9e25880b742c15913bbdcec1 CS.jpg,0.09370
healthy-209-_jpg.rf.c7ba624ce607827e37ac2e0c535f5984.jpg,C:\Users\ihver\Desktop\ay2023-2024-2nd-sem-cmsc190-sp2-ihvergara\images\dataset_CS\healthy_CS\healthy-209-_jpg.rf.c7ba624ce607827e37ac2e0c535f5984 CS.jpg,0.08255
healthy-21-_jpg.rf.83b2f541c3bc5c54ae0ea02b00e153d9.jpg,C:\Users\ihver\Desktop\ay2023-2024-2nd-sem-cmsc190-sp2-ihvergara\images\dataset_CS\healthy_CS\healthy-21-_jpg.rf.83b2f541c3bc5c54ae0ea02b00e153d9 CS.jpg,0.11487
healthy-210-_jpg.rf.f60db3dea55e13c72dd525eae26c6278.jpg,C:\Users\ihver\Desktop\ay2023-2024-2nd-sem-cmsc190-sp2-ihvergara\images\dataset_CS\healthy_CS\healthy-210-_jpg.rf.f60db3dea55e13c72dd525eae26c6278 CS.jpg,0.07115
healthy-211-_jpg.rf.367e5f9aa7436f5edab1c27f6d78aa45.jpg,C:\Users\ihver\Desktop\ay2023-2024-2nd-sem-cmsc190-sp2-ihvergara\images\dataset_CS\healthy_CS\healthy-211-_jpg.rf.367e5f9aa7436f5edab1c27f6d78aa45 CS.jpg,0.07304
healthy-212-_jpg.rf.f9f2817e13440f8d0146effe80bed3be.jpg,C:\Users\ihver\Desktop\ay2023-2024-2nd-sem-cmsc190-sp2-ihvergara\images\dataset_CS\healthy_CS\healthy-212-_jpg.rf.f9f2817e13440f8d0146effe80bed3be CS.jpg,0.07733
healthy-213-_jpg.rf.98c415651a590cfa4891a4089ec2500a.jpg,C:\Users\ihver\Desktop\ay2023-2024-2nd-sem-cmsc190-sp2-ihvergara\images\dataset_CS\healthy_CS\healthy-213-_jpg.rf.98c415651a590cfa4891a4089ec2500a CS.jpg,0.11192
healthy-214-_jpg.rf.8b6dd18d5a896861f78fdf9c65d531fe.jpg,C:\Users\ihver\Desktop\ay2023-2024-2nd-sem-cmsc190-sp2-ihvergara\images\dataset_CS\healthy_CS\healthy-214-_jpg.rf.8b6dd18d5a896861f78fdf9c65d531fe CS.jpg,0.10814
healthy-215-_jpg.rf.2667507e5c524e9c2ee2bcd16190fe8f.jpg,C:\Users\ihver\Desktop\ay2023-2024-2nd-sem-cmsc190-sp2-ihvergara\images\dataset_CS\healthy_CS\healthy-215-_jpg.rf.2667507e5c524e9c2ee2bcd16190fe8f CS.jpg,0.09935
healthy-216-_jpg.rf.b26fff5cf5b0c873dd4856741aa0582c.jpg,C:\Users\ihver\Desktop\ay2023-2024-2nd-sem-cmsc190-sp2-ihvergara\images\dataset_CS\healthy_CS\healthy-216-_jpg.rf.b26fff5cf5b0c873dd4856741aa0582c CS.jpg,0.10386
healthy-217-_jpg.rf.95f764b3eea75fac7fb2f819d1032454.jpg,C:\Users\ihver\Desktop\ay2023-2024-2nd-sem-cmsc190-sp2-ihvergara\images\dataset_CS\healthy_CS\healthy-217-_jpg.rf.95f764b3eea75fac7fb2f819d1032454 CS.jpg,0.09806
healthy-218-_jpg.rf.87b2211d32169e39ecf201d3db7d2766.jpg,C:\Users\ihver\Desktop\ay2023-2024-2nd-sem-cmsc190-sp2-ihvergara\images\dataset_CS\healthy_CS\healthy-218-_jpg.rf.87b2211d32169e39ecf201d3db7d2766 CS.jpg,0.11126
healthy-219-_jpg.rf.59731b8d3882bc6f329de23f2667b85c.jpg,C:\Users\ihver\Desktop\ay2023-2024-2nd-sem-cmsc190-sp2-ihvergara\images\dataset_CS\healthy_CS\healthy-219-_jpg.rf.59731b8d3882bc6f329de23f2667b85c CS.jpg,0.09108
healthy-22-_jpg.rf.08c5ee1266d92a14886e4d129811621a.jpg,C:\Users\ihver\Desktop\ay2023-2024-2nd-sem-cmsc190-sp2-ihvergara\images\dataset_CS\healthy_CS\healthy-22-_jpg.rf.08c5ee1266d92a14886e4d129811621a CS.jpg,0.10304
healthy-220-_jpg.rf.b19ae0b342eb1f42810afa2085e6278f.jpg,C:\Users\ihver\Desktop\ay2023-2024-2nd-sem-cmsc190-sp2-ihvergara\images\dataset_CS\healthy_CS\healthy-220-_jpg.rf.b19ae0b342eb1f42810afa2085e6278f CS.jpg,0.10189
healthy-221-_jpg.rf.3952701ecda17477ddb9e9194df94e14.jpg,C:\Users\ihver\Desktop\ay2023-2024-2nd-sem-cmsc190-sp2-ihvergara\images\dataset_CS\healthy_CS\healthy-221-_jpg.rf.3952701ecda17477ddb9e9194df94e14 CS.jpg,0.10674
healthy-222-_jpg.rf.c01becc7412ecccbc45c26ed2cb80378.jpg,C:\Users\ihver\Desktop\ay2023-2024-2nd-sem-cmsc190-sp2-ihvergara\images\dataset_CS\healthy_CS\healthy-222-_jpg.rf.c01becc7412ecccbc45c26ed2cb80378 CS.jpg,0.12139
healthy-223-_jpg.rf.84e30d1b03c7ecaec7286dbb787d6bc6.jpg,C:\Users\ihver\Desktop\ay2023-2024-2nd-sem-cmsc190-sp2-ihvergara\images\dataset_CS\healthy_CS\healthy-223-_jpg.rf.84e30d1b03c7ecaec7286dbb787d6bc6 CS.jpg,0.11656
healthy-224-_jpg.rf.392f22205fd1ffb5d7fccc5d3c80e0bb.jpg,C:\Users\ihver\Desktop\ay2023-2024-2nd-sem-cmsc190-sp2-ihvergara\images\dataset_CS\healthy_CS\healthy-224-_jpg.rf.392f22205fd1ffb5d7fccc5d3c80e0bb CS.jpg,0.10558
healthy-225-_jpg.rf.53901ace959c6232d2da0e1d29d16556.jpg,C:\Users\ihver\Desktop\ay2023-2024-2nd-sem-cmsc190-sp2-ihvergara\images\dataset_CS\healthy_CS\healthy-225-_jpg.rf.53901ace959c6232d2da0e1d29d16556 CS.jpg,0.11848
healthy-226-_jpg.rf.85a017e5a13ebc76ae4c23425596f663.jpg,C:\Users\ihver\Desktop\ay2023-2024-2nd-sem-cmsc190-sp2-ihvergara\images\dataset_CS\healthy_CS\healthy-226-_jpg.rf.85a017e5a13ebc76ae4c23425596f663 CS.jpg,0.13094
healthy-227-_jpg.rf.44d6144c6ec5b48e758785c599a033c5.jpg,C:\Users\ihver\Desktop\ay2023-2024-2nd-sem-cmsc190-sp2-ihvergara\images\dataset_CS\healthy_CS\healthy-227-_jpg.rf.44d6144c6ec5b48e758785c599a033c5 CS.jpg,0.12834
healthy-228-_jpg.rf.b45f991e2e0ff9c86b493774bc1767e5.jpg,C:\Users\ihver\Desktop\ay2023-2024-2nd-sem-cmsc190-sp2-ihvergara\images\dataset_CS\healthy_CS\healthy-228-_jpg.rf.b45f991e2e0ff9c86b493774bc1767e5 CS.jpg,0.13367
healthy-229-_jpg.rf.9dac5a9cdae3f63ca125b19ca09c8236.jpg,C:\Users\ihver\Desktop\ay2023-2024-2nd-sem-cmsc190-sp2-ihvergara\images\dataset_CS\healthy_CS\healthy-229-_jpg.rf.9dac5a9cdae3f63ca125b19ca09c8236 CS.jpg,0.11825
healthy-23-_jpg.rf.8b4f1c1859ebab75d384e475e1a5ef8b.jpg,C:\Users\ihver\Desktop\ay2023-2024-2nd-sem-cmsc190-sp2-ihvergara\images\dataset_CS\healthy_CS\healthy-23-_jpg.rf.8b4f1c1859ebab75d384e475e1a5ef8b CS.jpg,0.09925
healthy-230-_jpg.rf.6bd791772d0963f3f35a631d19c7ef71.jpg,C:\Users\ihver\Desktop\ay2023-2024-2nd-sem-cmsc190-sp2-ihvergara\images\dataset_CS\healthy_CS\healthy-230-_jpg.rf.6bd791772d0963f3f35a631d19c7ef71 CS.jpg,0.13099
healthy-231-_jpg.rf.d0557742b3736bc5e400ea6194e35e2e.jpg,C:\Users\ihver\Desktop\ay2023-2024-2nd-sem-cmsc190-sp2-ihvergara\images\dataset_CS\healthy_CS\healthy-231-_jpg.rf.d0557742b3736bc5e400ea6194e35e2e CS.jpg,0.10986
healthy-232-_jpg.rf.b0d0115784a3c1bf444bbfeb9cbf9217.jpg,C:\Users\ihver\Desktop\ay2023-2024-2nd-sem-cmsc190-sp2-ihvergara\images\dataset_CS\healthy_CS\healthy-232-_jpg.rf.b0d0115784a3c1bf444bbfeb9cbf9217 CS.jpg,0.14493
healthy-233-_jpg.rf.78ed41d033780cd9d941f2e45eb84d05.jpg,C:\Users\ihver\Desktop\ay2023-2024-2nd-sem-cmsc190-sp2-ihvergara\images\dataset_CS\healthy_CS\healthy-233-_jpg.rf.78ed41d033780cd9d941f2e45eb84d05 CS.jpg,0.14139
healthy-234-_jpg.rf.851f75271bb4fd86801a66aa831cb616.jpg,C:\Users\ihver\Desktop\ay2023-2024-2nd-sem-cmsc190-sp2-ihvergara\images\dataset_CS\healthy_CS\healthy-234-_jpg.rf.851f75271bb4fd86801a66aa831cb616 CS.jpg,0.11776
healthy-235-_jpg.rf.1b427037e8aef7493e0fd3cf002d41f0.jpg,C:\Users\ihver\Desktop\ay2023-2024-2nd-sem-cmsc190-sp2-ihvergara\images\dataset_CS\healthy_CS\healthy-235-_jpg.rf.1b427037e8aef7493e0fd3cf002d41f0 CS.jpg,0.14885
healthy-236-_jpg.rf.674ecb598b84e4b536cebdd5452bf2f6.jpg,C:\Users\ihver\Desktop\ay2023-2024-2nd-sem-cmsc190-sp2-ihvergara\images\dataset_CS\healthy_CS\healthy-236-_jpg.rf.674ecb598b84e4b536cebdd5452bf2f6 CS.jpg,0.12367
healthy-237-_jpg.rf.c64a5575ffdef587eec3f0ced123ec96.jpg,C:\Users\ihver\Desktop\ay2023-2024-2nd-sem-cmsc190-sp2-ihvergara\images\dataset_CS\healthy_CS\healthy-237-_jpg.rf.c64a5575ffdef587eec3f0ced123ec96 CS.jpg,0.12315
healthy-238-_jpg.rf.f512fa01968ced30ca041b606f69d6ce.jpg,C:\Users\ihver\Desktop\ay2023-2024-2nd-sem-cmsc190-sp2-ihvergara\images\dataset_CS\healthy_CS\healthy-238-_jpg.rf.f512fa01968ced30ca041b606f69d6ce CS.jpg,0.08888
healthy-239-_jpg.rf.fbbe754c2798a4322782a26c4853f7c2.jpg,C:\Users\ihver\Desktop\ay2023-2024-2nd-sem-cmsc190-sp2-ihvergara\images\dataset_CS\healthy_CS\healthy-239-_jpg.rf.fbbe754c2798a4322782a26c4853f7c2 CS.jpg,0.10517
healthy-24-_jpg.rf.8fe763770a70b5b248e3b8c4a0cb2f31.jpg,C:\Users\ihver\Desktop\ay2023-2024-2nd-sem-cmsc190-sp2-ihvergara\images\dataset_CS\healthy_CS\healthy-24-_jpg.rf.8fe763770a70b5b248e3b8c4a0cb2f31 CS.jpg,0.09928
healthy-240-_jpg.rf.98013cbaa0aee117f3f0c197e1086999.jpg,C:\Users\ihver\Desktop\ay2023-2024-2nd-sem-cmsc190-sp2-ihvergara\images\dataset_CS\healthy_CS\healthy-240-_jpg.rf.98013cbaa0aee117f3f0c197e1086999 CS.jpg,0.11336
healthy-241-_jpg.rf.0ef72e3117a261b6e2ed6fbede22d61f.jpg,C:\Users\ihver\Desktop\ay2023-2024-2nd-sem-cmsc190-sp2-ihvergara\images\dataset_CS\healthy_CS\healthy-241-_jpg.rf.0ef72e3117a261b6e2ed6fbede22d61f CS.jpg,0.11328
healthy-242-_jpg.rf.703ee28e3c4e7ac410dba57dcb65797d.jpg,C:\Users\ihver\Desktop\ay2023-2024-2nd-sem-cmsc190-sp2-ihvergara\images\dataset_CS\healthy_CS\healthy-242-_jpg.rf.703ee28e3c4e7ac410dba57dcb65797d CS.jpg,0.13507
healthy-243-_jpg.rf.4f0844b30b19c18fcec0892c54d10392.jpg,C:\Users\ihver\Desktop\ay2023-2024-2nd-sem-cmsc190-sp2-ihvergara\images\dataset_CS\healthy_CS\healthy-243-_jpg.rf.4f0844b30b19c18fcec0892c54d10392 CS.jpg,0.11490
healthy-244-_jpg.rf.7544a5f52cab96d8361d005fecd52f15.jpg,C:\Users\ihver\Desktop\ay2023-2024-2nd-sem-cmsc190-sp2-ihvergara\images\dataset_CS\healthy_CS\healthy-244-_jpg.rf.7544a5f52cab96d8361d005fecd52f15 CS.jpg,0.10343
healthy-245-_jpg.rf.20162e84e33acd6dd3a1bf34f75b3ab3.jpg,C:\Users\ihver\Desktop\ay2023-2024-2nd-sem-cmsc190-sp2-ihvergara\images\dataset_CS\healthy_CS\healthy-245-_jpg.rf.20162e84e33acd6dd3a1bf34f75b3ab3 CS.jpg,0.10368
healthy-246-_jpg.rf.998985507bf2a6e73c5ad0932cf7ed77.jpg,C:\Users\ihver\Desktop\ay2023-2024-2nd-sem-cmsc190-sp2-ihvergara\images\dataset_CS\healthy_CS\healthy-246-_jpg.rf.998985507bf2a6e73c5ad0932cf7ed77 CS.jpg,0.10253
healthy-247-_jpg.rf.73df5adda2ffaa689ac569fe30ba20a4.jpg,C:\Users\ihver\Desktop\ay2023-2024-2nd-sem-cmsc190-sp2-ihvergara\images\dataset_CS\healthy_CS\healthy-247-_jpg.rf.73df5adda2ffaa689ac569fe30ba20a4 CS.jpg,0.10007
healthy-248-_jpg.rf.dc4a1db792c9162c0caad17100a838c4.jpg,C:\Users\ihver\Desktop\ay2023-2024-2nd-sem-cmsc190-sp2-ihvergara\images\dataset_CS\healthy_CS\healthy-248-_jpg.rf.dc4a1db792c9162c0caad17100a838c4 CS.jpg,0.10046
healthy-249-_jpg.rf.061c05253713b918725a30b7f99e8d4d.jpg,C:\Users\ihver\Desktop\ay2023-2024-2nd-sem-cmsc190-sp2-ihvergara\images\dataset_CS\healthy_CS\healthy-249-_jpg.rf.061c05253713b918725a30b7f99e8d4d CS.jpg,0.09362
healthy-25-_jpg.rf.0e6ea79177ba3b6a226e587304d9cc0a.jpg,C:\Users\ihver\Desktop\ay2023-2024-2nd-sem-cmsc190-sp2-ihvergara\images\dataset_CS\healthy_CS\healthy-25-_jpg.rf.0e6ea79177ba3b6a226e587304d9cc0a CS.jpg,0.10456
healthy-250-_jpg.rf.38b736c5cabc08105561d84402cbfd84.jpg,C:\Users\ihver\Desktop\ay2023-2024-2nd-sem-cmsc190-sp2-ihvergara\images\dataset_CS\healthy_CS\healthy-250-_jpg.rf.38b736c5cabc08105561d84402cbfd84 CS.jpg,0.10249
healthy-251-_jpg.rf.98d13cad100da34aebf84093a9701734.jpg,C:\Users\ihver\Desktop\ay2023-2024-2nd-sem-cmsc190-sp2-ihvergara\images\dataset_CS\healthy_CS\healthy-251-_jpg.rf.98d13cad100da34aebf84093a9701734 CS.jpg,0.08301
healthy-252-_jpg.rf.933f5932649e2ccb9a7cf01a43cca4be.jpg,C:\Users\ihver\Desktop\ay2023-2024-2nd-sem-cmsc190-sp2-ihvergara\images\dataset_CS\healthy_CS\healthy-252-_jpg.rf.933f5932649e2ccb9a7cf01a43cca4be CS.jpg,0.10607
healthy-253-_jpg.rf.f151e57498b70e9a47bb4d3783cbe941.jpg,C:\Users\ihver\Desktop\ay2023-2024-2nd-sem-cmsc190-sp2-ihvergara\images\dataset_CS\healthy_CS\healthy-253-_jpg.rf.f151e57498b70e9a47bb4d3783cbe941 CS.jpg,0.09643
healthy-254-_jpg.rf.c323759b27306be8ca793d3dc4d2c50e.jpg,C:\Users\ihver\Desktop\ay2023-2024-2nd-sem-cmsc190-sp2-ihvergara\images\dataset_CS\healthy_CS\healthy-254-_jpg.rf.c323759b27306be8ca793d3dc4d2c50e CS.jpg,0.09526
healthy-255-_jpg.rf.05c0a8fa5c574348326b8ba51edcca8c.jpg,C:\Users\ihver\Desktop\ay2023-2024-2nd-sem-cmsc190-sp2-ihvergara\images\dataset_CS\healthy_CS\healthy-255-_jpg.rf.05c0a8fa5c574348326b8ba51edcca8c CS.jpg,0.10757
healthy-256-_jpg.rf.8c0a567b7ac6447ee07ee6dbac44742c.jpg,C:\Users\ihver\Desktop\ay2023-2024-2nd-sem-cmsc190-sp2-ihvergara\images\dataset_CS\healthy_CS\healthy-256-_jpg.rf.8c0a567b7ac6447ee07ee6dbac44742c CS.jpg,0.10549
healthy-257-_jpg.rf.307e281303cdef2d8d54e4941291def1.jpg,C:\Users\ihver\Desktop\ay2023-2024-2nd-sem-cmsc190-sp2-ihvergara\images\dataset_CS\healthy_CS\healthy-257-_jpg.rf.307e281303cdef2d8d54e4941291def1 CS.jpg,0.10708
healthy-258-_jpg.rf.9788f51bfceaa865a61a7061f8925fb9.jpg,C:\Users\ihver\Desktop\ay2023-2024-2nd-sem-cmsc190-sp2-ihvergara\images\dataset_CS\healthy_CS\healthy-258-_jpg.rf.9788f51bfceaa865a61a7061f8925fb9 CS.jpg,0.10495
healthy-259-_jpg.rf.79437e057d65c12d6135d78fea1fe9a0.jpg,C:\Users\ihver\Desktop\ay2023-2024-2nd-sem-cmsc190-sp2-ihvergara\images\dataset_CS\healthy_CS\healthy-259-_jpg.rf.79437e057d65c12d6135d78fea1fe9a0 CS.jpg,0.10899
healthy-26-_jpg.rf.14f5a7f891e567eb3d57fb16476f3fc7.jpg,C:\Users\ihver\Desktop\ay2023-2024-2nd-sem-cmsc190-sp2-ihvergara\images\dataset_CS\healthy_CS\healthy-26-_jpg.rf.14f5a7f891e567eb3d57fb16476f3fc7 CS.jpg,0.09197
healthy-260-_jpg.rf.d1d2117532b96776e9e73925823bb5bc.jpg,C:\Users\ihver\Desktop\ay2023-2024-2nd-sem-cmsc190-sp2-ihvergara\images\dataset_CS\healthy_CS\healthy-260-_jpg.rf.d1d2117532b96776e9e73925823bb5bc CS.jpg,0.15099
healthy-261-_jpg.rf.2ad84e3617ebd66ccac7afdc8c7ef01a.jpg,C:\Users\ihver\Desktop\ay2023-2024-2nd-sem-cmsc190-sp2-ihvergara\images\dataset_CS\healthy_CS\healthy-261-_jpg.rf.2ad84e3617ebd66ccac7afdc8c7ef01a CS.jpg,0.12551
healthy-262-_jpg.rf.f02c36a9d159ed5c195ab81747ab8d67.jpg,C:\Users\ihver\Desktop\ay2023-2024-2nd-sem-cmsc190-sp2-ihvergara\images\dataset_CS\healthy_CS\healthy-262-_jpg.rf.f02c36a9d159ed5c195ab81747ab8d67 CS.jpg,0.12413
healthy-263-_jpg.rf.f201a623ca0811f4f43db6b59ac98859.jpg,C:\Users\ihver\Desktop\ay2023-2024-2nd-sem-cmsc190-sp2-ihvergara\images\dataset_CS\healthy_CS\healthy-263-_jpg.rf.f201a623ca0811f4f43db6b59ac98859 CS.jpg,0.11874
healthy-264-_jpg.rf.5324be8136d4ce1a02c3fc274fc31942.jpg,C:\Users\ihver\Desktop\ay2023-2024-2nd-sem-cmsc190-sp2-ihvergara\images\dataset_CS\healthy_CS\healthy-264-_jpg.rf.5324be8136d4ce1a02c3fc274fc31942 CS.jpg,0.13681
healthy-265-_jpg.rf.a40e6e4d46d608f99499678c90443e18.jpg,C:\Users\ihver\Desktop\ay2023-2024-2nd-sem-cmsc190-sp2-ihvergara\images\dataset_CS\healthy_CS\healthy-265-_jpg.rf.a40e6e4d46d608f99499678c90443e18 CS.jpg,0.11461
healthy-266-_jpg.rf.1131f2241a2c37a93b20ef46e56c869c.jpg,C:\Users\ihver\Desktop\ay2023-2024-2nd-sem-cmsc190-sp2-ihvergara\images\dataset_CS\healthy_CS\healthy-266-_jpg.rf.1131f2241a2c37a93b20ef46e56c869c CS.jpg,0.12452
healthy-267-_jpg.rf.ffd2533802ded533ca77509e55195657.jpg,C:\Users\ihver\Desktop\ay2023-2024-2nd-sem-cmsc190-sp2-ihvergara\images\dataset_CS\healthy_CS\healthy-267-_jpg.rf.ffd2533802ded533ca77509e55195657 CS.jpg,0.13073
healthy-268-_jpg.rf.b9ddc610bbd2f53c6432e23d89c8cd0b.jpg,C:\Users\ihver\Desktop\ay2023-2024-2nd-sem-cmsc190-sp2-ihvergara\images\dataset_CS\healthy_CS\healthy-268-_jpg.rf.b9ddc610bbd2f53c6432e23d89c8cd0b CS.jpg,0.11834
healthy-269-_jpg.rf.14dc9a8eaea7c805fffde81099bcbdc9.jpg,C:\Users\ihver\Desktop\ay2023-2024-2nd-sem-cmsc190-sp2-ihvergara\images\dataset_CS\healthy_CS\healthy-269-_jpg.rf.14dc9a8eaea7c805fffde81099bcbdc9 CS.jpg,0.12951
healthy-27-_jpg.rf.65e0c7a7d5a15f4c18c0bdc89dbef920.jpg,C:\Users\ihver\Desktop\ay2023-2024-2nd-sem-cmsc190-sp2-ihvergara\images\dataset_CS\healthy_CS\healthy-27-_jpg.rf.65e0c7a7d5a15f4c18c0bdc89dbef920 CS.jpg,0.08422
healthy-270-_jpg.rf.f5551ca56df7a1181d9cb76ba23f8921.jpg,C:\Users\ihver\Desktop\ay2023-2024-2nd-sem-cmsc190-sp2-ihvergara\images\dataset_CS\healthy_CS\healthy-270-_jpg.rf.f5551ca56df7a1181d9cb76ba23f8921 CS.jpg,0.11682
healthy-271-_jpg.rf.ce27631ae5952d39869b4e82d68cc0f8.jpg,C:\Users\ihver\Desktop\ay2023-2024-2nd-sem-cmsc190-sp2-ihvergara\images\dataset_CS\healthy_CS\healthy-271-_jpg.rf.ce27631ae5952d39869b4e82d68cc0f8 CS.jpg,0.10815
healthy-272-_jpg.rf.c1c452f66fe0d96dbb3e48419557cef4.jpg,C:\Users\ihver\Desktop\ay2023-2024-2nd-sem-cmsc190-sp2-ihvergara\images\dataset_CS\healthy_CS\healthy-272-_jpg.rf.c1c452f66fe0d96dbb3e48419557cef4 CS.jpg,0.12278
healthy-273-_jpg.rf.4d8e48d0ea4a961c4935d9ca9a571ba6.jpg,C:\Users\ihver\Desktop\ay2023-2024-2nd-sem-cmsc190-sp2-ihvergara\images\dataset_CS\healthy_CS\healthy-273-_jpg.rf.4d8e48d0ea4a961c4935d9ca9a571ba6 CS.jpg,0.14655
healthy-274-_jpg.rf.f558ffb96a21ac2dacf39223b26f759d.jpg,C:\Users\ihver\Desktop\ay2023-2024-2nd-sem-cmsc190-sp2-ihvergara\images\dataset_CS\healthy_CS\healthy-274-_jpg.rf.f558ffb96a21ac2dacf39223b26f759d CS.jpg,0.12530
healthy-275-_jpg.rf.f502598a4fdb6803de54712a44970d09.jpg,C:\Users\ihver\Desktop\ay2023-2024-2nd-sem-cmsc190-sp2-ihvergara\images\dataset_CS\healthy_CS\healthy-275-_jpg.rf.f502598a4fdb6803de54712a44970d09 CS.jpg,0.11659
healthy-276-_jpg.rf.e5200038f3e00f5a30bfe1c5176a45a3.jpg,C:\Users\ihver\Desktop\ay2023-2024-2nd-sem-cmsc190-sp2-ihvergara\images\dataset_CS\healthy_CS\healthy-276-_jpg.rf.e5200038f3e00f5a30bfe1c5176a45a3 CS.jpg,0.11042
healthy-277-_jpg.rf.4a9b19f3327ec5f7f78a6ef64e20fffd.jpg,C:\Users\ihver\Desktop\ay2023-2024-2nd-sem-cmsc190-sp2-ihvergara\images\dataset_CS\healthy_CS\healthy-277-_jpg.rf.4a9b19f3327ec5f7f78a6ef64e20fffd CS.jpg,0.10568
healthy-278-_jpg.rf.97ac5c04455c6bedb66b27d633b73845.jpg,C:\Users\ihver\Desktop\ay2023-2024-2nd-sem-cmsc190-sp2-ihvergara\images\dataset_CS\healthy_CS\healthy-278-_jpg.rf.97ac5c04455c6bedb66b27d633b73845 CS.jpg,0.11362
healthy-279-_jpg.rf.1372b91cd998e8e8bc5080308c4de3d1.jpg,C:\Users\ihver\Desktop\ay2023-2024-2nd-sem-cmsc190-sp2-ihvergara\images\dataset_CS\healthy_CS\healthy-279-_jpg.rf.1372b91cd998e8e8bc5080308c4de3d1 CS.jpg,0.09940
healthy-28-_jpg.rf.be256e20fbf745357f9ff2333b28e371.jpg,C:\Users\ihver\Desktop\ay2023-2024-2nd-sem-cmsc190-sp2-ihvergara\images\dataset_CS\healthy_CS\healthy-28-_jpg.rf.be256e20fbf745357f9ff2333b28e371 CS.jpg,0.09713
healthy-280-_jpg.rf.09328cd78b940a42e348dde7bd6cd433.jpg,C:\Users\ihver\Desktop\ay2023-2024-2nd-sem-cmsc190-sp2-ihvergara\images\dataset_CS\healthy_CS\healthy-280-_jpg.rf.09328cd78b940a42e348dde7bd6cd433 CS.jpg,0.10506
healthy-281-_jpg.rf.7599d182ee1ab9169e31bfcc5ef82b39.jpg,C:\Users\ihver\Desktop\ay2023-2024-2nd-sem-cmsc190-sp2-ihvergara\images\dataset_CS\healthy_CS\healthy-281-_jpg.rf.7599d182ee1ab9169e31bfcc5ef82b39 CS.jpg,0.11903
healthy-282-_jpg.rf.363b0178f9f90dab5db934796037b0b6.jpg,C:\Users\ihver\Desktop\ay2023-2024-2nd-sem-cmsc190-sp2-ihvergara\images\dataset_CS\healthy_CS\healthy-282-_jpg.rf.363b0178f9f90dab5db934796037b0b6 CS.jpg,0.11702
healthy-283-_jpg.rf.cfef288b8571c6ffa490a7cf28d14e70.jpg,C:\Users\ihver\Desktop\ay2023-2024-2nd-sem-cmsc190-sp2-ihvergara\images\dataset_CS\healthy_CS\healthy-283-_jpg.rf.cfef288b8571c6ffa490a7cf28d14e70 CS.jpg,0.10856
healthy-284-_jpg.rf.47e7d46b4c96cc7fd481cb5166c6e96c.jpg,C:\Users\ihver\Desktop\ay2023-2024-2nd-sem-cmsc190-sp2-ihvergara\images\dataset_CS\healthy_CS\healthy-284-_jpg.rf.47e7d46b4c96cc7fd481cb5166c6e96c CS.jpg,0.09672
healthy-285-_jpg.rf.9634310c403795f0342c4da479e3747b.jpg,C:\Users\ihver\Desktop\ay2023-2024-2nd-sem-cmsc190-sp2-ihvergara\images\dataset_CS\healthy_CS\healthy-285-_jpg.rf.9634310c403795f0342c4da479e3747b CS.jpg,0.11445
healthy-286-_jpg.rf.fe245a155449292c392a4c9a26fa3db2.jpg,C:\Users\ihver\Desktop\ay2023-2024-2nd-sem-cmsc190-sp2-ihvergara\images\dataset_CS\healthy_CS\healthy-286-_jpg.rf.fe245a155449292c392a4c9a26fa3db2 CS.jpg,0.11797
healthy-287-_jpg.rf.6a19668dffae2e896c95f972607d1985.jpg,C:\Users\ihver\Desktop\ay2023-2024-2nd-sem-cmsc190-sp2-ihvergara\images\dataset_CS\healthy_CS\healthy-287-_jpg.rf.6a19668dffae2e896c95f972607d1985 CS.jpg,0.11928
healthy-288-_jpg.rf.d36b9c0f4eb9bd074ca380594c14d665.jpg,C:\Users\ihver\Desktop\ay2023-2024-2nd-sem-cmsc190-sp2-ihvergara\images\dataset_CS\healthy_CS\healthy-288-_jpg.rf.d36b9c0f4eb9bd074ca380594c14d665 CS.jpg,0.13718
healthy-289-_jpg.rf.89d6ea9907e0dc8dc133282f96fc4c2b.jpg,C:\Users\ihver\Desktop\ay2023-2024-2nd-sem-cmsc190-sp2-ihvergara\images\dataset_CS\healthy_CS\healthy-289-_jpg.rf.89d6ea9907e0dc8dc133282f96fc4c2b CS.jpg,0.12471
healthy-29-_jpg.rf.8e3f8f0adb00584b383c8d11db97a0e0.jpg,C:\Users\ihver\Desktop\ay2023-2024-2nd-sem-cmsc190-sp2-ihvergara\images\dataset_CS\healthy_CS\healthy-29-_jpg.rf.8e3f8f0adb00584b383c8d11db97a0e0 CS.jpg,0.10221
healthy-290-_jpg.rf.25993faec21bd327e24d4f92a33be876.jpg,C:\Users\ihver\Desktop\ay2023-2024-2nd-sem-cmsc190-sp2-ihvergara\images\dataset_CS\healthy_CS\healthy-290-_jpg.rf.25993faec21bd327e24d4f92a33be876 CS.jpg,0.11549
healthy-291-_jpg.rf.bb12475bdb2e8d28e76bbda567f705a2.jpg,C:\Users\ihver\Desktop\ay2023-2024-2nd-sem-cmsc190-sp2-ihvergara\images\dataset_CS\healthy_CS\healthy-291-_jpg.rf.bb12475bdb2e8d28e76bbda567f705a2 CS.jpg,0.11278
healthy-292-_jpg.rf.492f9d2ac52ee7bdac909fd053217f23.jpg,C:\Users\ihver\Desktop\ay2023-2024-2nd-sem-cmsc190-sp2-ihvergara\images\dataset_CS\healthy_CS\healthy-292-_jpg.rf.492f9d2ac52ee7bdac909fd053217f23 CS.jpg,0.10529
healthy-293-_jpg.rf.f878334743e4304c8df086836a4f4b32.jpg,C:\Users\ihver\Desktop\ay2023-2024-2nd-sem-cmsc190-sp2-ihvergara\images\dataset_CS\healthy_CS\healthy-293-_jpg.rf.f878334743e4304c8df086836a4f4b32 CS.jpg,0.11166
healthy-294-_jpg.rf.10327f0bf80f6a9297a01d10528aeea3.jpg,C:\Users\ihver\Desktop\ay2023-2024-2nd-sem-cmsc190-sp2-ihvergara\images\dataset_CS\healthy_CS\healthy-294-_jpg.rf.10327f0bf80f6a9297a01d10528aeea3 CS.jpg,0.10895
healthy-295-_jpg.rf.c13e3d5002a5d9c11d591ba297fe4d7e.jpg,C:\Users\ihver\Desktop\ay2023-2024-2nd-sem-cmsc190-sp2-ihvergara\images\dataset_CS\healthy_CS\healthy-295-_jpg.rf.c13e3d5002a5d9c11d591ba297fe4d7e CS.jpg,0.11029
healthy-296-_jpg.rf.8101e54c167eb85203691a584bc775cf.jpg,C:\Users\ihver\Desktop\ay2023-2024-2nd-sem-cmsc190-sp2-ihvergara\images\dataset_CS\healthy_CS\healthy-296-_jpg.rf.8101e54c167eb85203691a584bc775cf CS.jpg,0.10453
healthy-297-_jpg.rf.7f82087c713adc00e93ebd9ca2abcb08.jpg,C:\Users\ihver\Desktop\ay2023-2024-2nd-sem-cmsc190-sp2-ihvergara\images\dataset_CS\healthy_CS\healthy-297-_jpg.rf.7f82087c713adc00e93ebd9ca2abcb08 CS.jpg,0.13104
healthy-298-_jpg.rf.8cbdaab4c2df11d170e5c724f4c26b82.jpg,C:\Users\ihver\Desktop\ay2023-2024-2nd-sem-cmsc190-sp2-ihvergara\images\dataset_CS\healthy_CS\healthy-298-_jpg.rf.8cbdaab4c2df11d170e5c724f4c26b82 CS.jpg,0.11508
healthy-299-_jpg.rf.3b2e8d45732f2f5d8e204c534698e95c.jpg,C:\Users\ihver\Desktop\ay2023-2024-2nd-sem-cmsc190-sp2-ihvergara\images\dataset_CS\healthy_CS\healthy-299-_jpg.rf.3b2e8d45732f2f5d8e204c534698e95c CS.jpg,0.09411
healthy-3-_jpg.rf.c9f373dd5c6691295ceba5af6be1a1b6.jpg,C:\Users\ihver\Desktop\ay2023-2024-2nd-sem-cmsc190-sp2-ihvergara\images\dataset_CS\healthy_CS\healthy-3-_jpg.rf.c9f373dd5c6691295ceba5af6be1a1b6 CS.jpg,0.10598
healthy-30-_jpg.rf.e5af8fb2717ce599201ec6906756aea5.jpg,C:\Users\ihver\Desktop\ay2023-2024-2nd-sem-cmsc190-sp2-ihvergara\images\dataset_CS\healthy_CS\healthy-30-_jpg.rf.e5af8fb2717ce599201ec6906756aea5 CS.jpg,0.10750
healthy-300-_jpg.rf.1d2de7f1cf81e7fca0b577243aa6322c.jpg,C:\Users\ihver\Desktop\ay2023-2024-2nd-sem-cmsc190-sp2-ihvergara\images\dataset_CS\healthy_CS\healthy-300-_jpg.rf.1d2de7f1cf81e7fca0b577243aa6322c CS.jpg,0.11186
healthy-301-_jpg.rf.14dd4f23dc43af0dd9ef4998cc49bc44.jpg,C:\Users\ihver\Desktop\ay2023-2024-2nd-sem-cmsc190-sp2-ihvergara\images\dataset_CS\healthy_CS\healthy-301-_jpg.rf.14dd4f23dc43af0dd9ef4998cc49bc44 CS.jpg,0.08465
healthy-302-_jpg.rf.b0b376fc1e4901140c1eb8923a6e4c37.jpg,C:\Users\ihver\Desktop\ay2023-2024-2nd-sem-cmsc190-sp2-ihvergara\images\dataset_CS\healthy_CS\healthy-302-_jpg.rf.b0b376fc1e4901140c1eb8923a6e4c37 CS.jpg,0.08927
healthy-303-_jpg.rf.693e50629a76f839624a5df651513c83.jpg,C:\Users\ihver\Desktop\ay2023-2024-2nd-sem-cmsc190-sp2-ihvergara\images\dataset_CS\healthy_CS\healthy-303-_jpg.rf.693e50629a76f839624a5df651513c83 CS.jpg,0.10232
healthy-304-_jpg.rf.08764f20ea0b76132f6e9b919ab2f1f2.jpg,C:\Users\ihver\Desktop\ay2023-2024-2nd-sem-cmsc190-sp2-ihvergara\images\dataset_CS\healthy_CS\healthy-304-_jpg.rf.08764f20ea0b76132f6e9b919ab2f1f2 CS.jpg,0.10259
healthy-305-_jpg.rf.d23268a1594156a963dd8ab42a2160e9.jpg,C:\Users\ihver\Desktop\ay2023-2024-2nd-sem-cmsc190-sp2-ihvergara\images\dataset_CS\healthy_CS\healthy-305-_jpg.rf.d23268a1594156a963dd8ab42a2160e9 CS.jpg,0.10882
healthy-306-_jpg.rf.a11ddf879f13d047fedb30a9ff8c4256.jpg,C:\Users\ihver\Desktop\ay2023-2024-2nd-sem-cmsc190-sp2-ihvergara\images\dataset_CS\healthy_CS\healthy-306-_jpg.rf.a11ddf879f13d047fedb30a9ff8c4256 CS.jpg,0.10511
healthy-307-_jpg.rf.05f8070a7c6e1e602c9bd25f3861ebc6.jpg,C:\Users\ihver\Desktop\ay2023-2024-2nd-sem-cmsc190-sp2-ihvergara\images\dataset_CS\healthy_CS\healthy-307-_jpg.rf.05f8070a7c6e1e602c9bd25f3861ebc6 CS.jpg,0.12732
healthy-308-_jpg.rf.47ae09c8a520886d1722a1fd29609cb2.jpg,C:\Users\ihver\Desktop\ay2023-2024-2nd-sem-cmsc190-sp2-ihvergara\images\dataset_CS\healthy_CS\healthy-308-_jpg.rf.47ae09c8a520886d1722a1fd29609cb2 CS.jpg,0.09313
healthy-309-_jpg.rf.a97068820428bcf66ffc0dda1cbcc582.jpg,C:\Users\ihver\Desktop\ay2023-2024-2nd-sem-cmsc190-sp2-ihvergara\images\dataset_CS\healthy_CS\healthy-309-_jpg.rf.a97068820428bcf66ffc0dda1cbcc582 CS.jpg,0.09141
healthy-31-_jpg.rf.8a7b109983feb7dbb6b674bc9191cc65.jpg,C:\Users\ihver\Desktop\ay2023-2024-2nd-sem-cmsc190-sp2-ihvergara\images\dataset_CS\healthy_CS\healthy-31-_jpg.rf.8a7b109983feb7dbb6b674bc9191cc65 CS.jpg,0.09577
healthy-310-_jpg.rf.a95096e8b29d11a4ab7b7ac3c6ca2711.jpg,C:\Users\ihver\Desktop\ay2023-2024-2nd-sem-cmsc190-sp2-ihvergara\images\dataset_CS\healthy_CS\healthy-310-_jpg.rf.a95096e8b29d11a4ab7b7ac3c6ca2711 CS.jpg,0.09470
healthy-311-_jpg.rf.60ced964c4ab0648d7afbbc13e13b528.jpg,C:\Users\ihver\Desktop\ay2023-2024-2nd-sem-cmsc190-sp2-ihvergara\images\dataset_CS\healthy_CS\healthy-311-_jpg.rf.60ced964c4ab0648d7afbbc13e13b528 CS.jpg,0.12911
healthy-312-_jpg.rf.e610cf8dc98eac530eb5cd1efe91b8cc.jpg,C:\Users\ihver\Desktop\ay2023-2024-2nd-sem-cmsc190-sp2-ihvergara\images\dataset_CS\healthy_CS\healthy-312-_jpg.rf.e610cf8dc98eac530eb5cd1efe91b8cc CS.jpg,0.11493
healthy-313-_jpg.rf.b225982ff8caa3d3a44933953d18efb0.jpg,C:\Users\ihver\Desktop\ay2023-2024-2nd-sem-cmsc190-sp2-ihvergara\images\dataset_CS\healthy_CS\healthy-313-_jpg.rf.b225982ff8caa3d3a44933953d18efb0 CS.jpg,0.11538
healthy-314-_jpg.rf.34f3829bede35e46b7906d3969450bf1.jpg,C:\Users\ihver\Desktop\ay2023-2024-2nd-sem-cmsc190-sp2-ihvergara\images\dataset_CS\healthy_CS\healthy-314-_jpg.rf.34f3829bede35e46b7906d3969450bf1 CS.jpg,0.08731
healthy-315-_jpg.rf.4d4a75f330e0faebc2adefec32f3efc4.jpg,C:\Users\ihver\Desktop\ay2023-2024-2nd-sem-cmsc190-sp2-ihvergara\images\dataset_CS\healthy_CS\healthy-315-_jpg.rf.4d4a75f330e0faebc2adefec32f3efc4 CS.jpg,0.08506
healthy-316-_jpg.rf.4e5ffaccb6ea6306b76b243d7ecd8b1f.jpg,C:\Users\ihver\Desktop\ay2023-2024-2nd-sem-cmsc190-sp2-ihvergara\images\dataset_CS\healthy_CS\healthy-316-_jpg.rf.4e5ffaccb6ea6306b76b243d7ecd8b1f CS.jpg,0.09725
healthy-317-_jpg.rf.602ab9bd5ce194568a649bdae102ac65.jpg,C:\Users\ihver\Desktop\ay2023-2024-2nd-sem-cmsc190-sp2-ihvergara\images\dataset_CS\healthy_CS\healthy-317-_jpg.rf.602ab9bd5ce194568a649bdae102ac65 CS.jpg,0.08459
healthy-318-_jpg.rf.2557c7b558ab35848c24515db569611d.jpg,C:\Users\ihver\Desktop\ay2023-2024-2nd-sem-cmsc190-sp2-ihvergara\images\dataset_CS\healthy_CS\healthy-318-_jpg.rf.2557c7b558ab35848c24515db569611d CS.jpg,0.10574
healthy-319-_jpg.rf.50d79a053b0ce0563a89b8a0c00e64fb.jpg,C:\Users\ihver\Desktop\ay2023-2024-2nd-sem-cmsc190-sp2-ihvergara\images\dataset_CS\healthy_CS\healthy-319-_jpg.rf.50d79a053b0ce0563a89b8a0c00e64fb CS.jpg,0.09889
healthy-32-_jpg.rf.99db2859fa39df824e484b16c59e8f12.jpg,C:\Users\ihver\Desktop\ay2023-2024-2nd-sem-cmsc190-sp2-ihvergara\images\dataset_CS\healthy_CS\healthy-32-_jpg.rf.99db2859fa39df824e484b16c59e8f12 CS.jpg,0.09006
healthy-320-_jpg.rf.1a411198b0dce185af72ec7bb615bb0b.jpg,C:\Users\ihver\Desktop\ay2023-2024-2nd-sem-cmsc190-sp2-ihvergara\images\dataset_CS\healthy_CS\healthy-320-_jpg.rf.1a411198b0dce185af72ec7bb615bb0b CS.jpg,0.10104
healthy-321-_jpg.rf.5217931d7b6b8243c9d17c1036d6d462.jpg,C:\Users\ihver\Desktop\ay2023-2024-2nd-sem-cmsc190-sp2-ihvergara\images\dataset_CS\healthy_CS\healthy-321-_jpg.rf.5217931d7b6b8243c9d17c1036d6d462 CS.jpg,0.10174
healthy-322-_jpg.rf.4f19b80e10001ce39e054d5c25954a9f.jpg,C:\Users\ihver\Desktop\ay2023-2024-2nd-sem-cmsc190-sp2-ihvergara\images\dataset_CS\healthy_CS\healthy-322-_jpg.rf.4f19b80e10001ce39e054d5c25954a9f CS.jpg,0.10781
healthy-323-_jpg.rf.007c2fcddd9ddeb5b477e8ca77fa37ac.jpg,C:\Users\ihver\Desktop\ay2023-2024-2nd-sem-cmsc190-sp2-ihvergara\images\dataset_CS\healthy_CS\healthy-323-_jpg.rf.007c2fcddd9ddeb5b477e8ca77fa37ac CS.jpg,0.07968
healthy-324-_jpg.rf.6f9c228ec64e5b755451e44c4cb8cd84.jpg,C:\Users\ihver\Desktop\ay2023-2024-2nd-sem-cmsc190-sp2-ihvergara\images\dataset_CS\healthy_CS\healthy-324-_jpg.rf.6f9c228ec64e5b755451e44c4cb8cd84 CS.jpg,0.09065
healthy-325-_jpg.rf.c9b8ff48e7e7b318c58a32e9262a4825.jpg,C:\Users\ihver\Desktop\ay2023-2024-2nd-sem-cmsc190-sp2-ihvergara\images\dataset_CS\healthy_CS\healthy-325-_jpg.rf.c9b8ff48e7e7b318c58a32e9262a4825 CS.jpg,0.09151
healthy-326-_jpg.rf.7a00ba25f1881058aef053c1c253e7b3.jpg,C:\Users\ihver\Desktop\ay2023-2024-2nd-sem-cmsc190-sp2-ihvergara\images\dataset_CS\healthy_CS\healthy-326-_jpg.rf.7a00ba25f1881058aef053c1c253e7b3 CS.jpg,0.11196
healthy-327-_jpg.rf.fc51f8ba38afb5c11620305ea787f262.jpg,C:\Users\ihver\Desktop\ay2023-2024-2nd-sem-cmsc190-sp2-ihvergara\images\dataset_CS\healthy_CS\healthy-327-_jpg.rf.fc51f8ba38afb5c11620305ea787f262 CS.jpg,0.11194
healthy-328-_jpg.rf.013900fa17856688e5aaa3b544263496.jpg,C:\Users\ihver\Desktop\ay2023-2024-2nd-sem-cmsc190-sp2-ihvergara\images\dataset_CS\healthy_CS\healthy-328-_jpg.rf.013900fa17856688e5aaa3b544263496 CS.jpg,0.10106
healthy-329-_jpg.rf.1235349bc2a56123fafd9a5352177c61.jpg,C:\Users\ihver\Desktop\ay2023-2024-2nd-sem-cmsc190-sp2-ihvergara\images\dataset_CS\healthy_CS\healthy-329-_jpg.rf.1235349bc2a56123fafd9a5352177c61 CS.jpg,0.09823
healthy-33-_jpg.rf.0f28c75837f2eca972d8eadf0d130a26.jpg,C:\Users\ihver\Desktop\ay2023-2024-2nd-sem-cmsc190-sp2-ihvergara\images\dataset_CS\healthy_CS\healthy-33-_jpg.rf.0f28c75837f2eca972d8eadf0d130a26 CS.jpg,0.09878
healthy-330-_jpg.rf.0e2be5de5adad05678ea6bffc1f8f4e6.jpg,C:\Users\ihver\Desktop\ay2023-2024-2nd-sem-cmsc190-sp2-ihvergara\images\dataset_CS\healthy_CS\healthy-330-_jpg.rf.0e2be5de5adad05678ea6bffc1f8f4e6 CS.jpg,0.10727
healthy-331-_jpg.rf.913254ab6053b262647ab378c3b98dac.jpg,C:\Users\ihver\Desktop\ay2023-2024-2nd-sem-cmsc190-sp2-ihvergara\images\dataset_CS\healthy_CS\healthy-331-_jpg.rf.913254ab6053b262647ab378c3b98dac CS.jpg,0.11197
healthy-332-_jpg.rf.f6fc43504d845bcb29cf047d67d4a076.jpg,C:\Users\ihver\Desktop\ay2023-2024-2nd-sem-cmsc190-sp2-ihvergara\images\dataset_CS\healthy_CS\healthy-332-_jpg.rf.f6fc43504d845bcb29cf047d67d4a076 CS.jpg,0.10800
healthy-333-_jpg.rf.b262b665ceeb7568eaab77c1fca42454.jpg,C:\Users\ihver\Desktop\ay2023-2024-2nd-sem-cmsc190-sp2-ihvergara\images\dataset_CS\healthy_CS\healthy-333-_jpg.rf.b262b665ceeb7568eaab77c1fca42454 CS.jpg,0.12133
healthy-334-_jpg.rf.8e5e97e287e589e71e9c9f780dbc3498.jpg,C:\Users\ihver\Desktop\ay2023-2024-2nd-sem-cmsc190-sp2-ihvergara\images\dataset_CS\healthy_CS\healthy-334-_jpg.rf.8e5e97e287e589e71e9c9f780dbc3498 CS.jpg,0.10145
healthy-335-_jpg.rf.bd45b8f40ddab7a45995fcb215e0039d.jpg,C:\Users\ihver\Desktop\ay2023-2024-2nd-sem-cmsc190-sp2-ihvergara\images\dataset_CS\healthy_CS\healthy-335-_jpg.rf.bd45b8f40ddab7a45995fcb215e0039d CS.jpg,0.10110
healthy-336-_jpg.rf.ae05fa23425c5b03e7041462212f450c.jpg,C:\Users\ihver\Desktop\ay2023-2024-2nd-sem-cmsc190-sp2-ihvergara\images\dataset_CS\healthy_CS\healthy-336-_jpg.rf.ae05fa23425c5b03e7041462212f450c CS.jpg,0.12888
healthy-337-_jpg.rf.2455a277142b2cac017f10c528586b44.jpg,C:\Users\ihver\Desktop\ay2023-2024-2nd-sem-cmsc190-sp2-ihvergara\images\dataset_CS\healthy_CS\healthy-337-_jpg.rf.2455a277142b2cac017f10c528586b44 CS.jpg,0.11461
healthy-338-_jpg.rf.1a4aaeca4fb2f1299a137dc1d9a86b77.jpg,C:\Users\ihver\Desktop\ay2023-2024-2nd-sem-cmsc190-sp2-ihvergara\images\dataset_CS\healthy_CS\healthy-338-_jpg.rf.1a4aaeca4fb2f1299a137dc1d9a86b77 CS.jpg,0.10917
healthy-339-_jpg.rf.0d0c0ae97ecbdf39099a4637dd6437b9.jpg,C:\Users\ihver\Desktop\ay2023-2024-2nd-sem-cmsc190-sp2-ihvergara\images\dataset_CS\healthy_CS\healthy-339-_jpg.rf.0d0c0ae97ecbdf39099a4637dd6437b9 CS.jpg,0.11255
healthy-34-_jpg.rf.03a082ecacd6aa420d920fde504dc8be.jpg,C:\Users\ihver\Desktop\ay2023-2024-2nd-sem-cmsc190-sp2-ihvergara\images\dataset_CS\healthy_CS\healthy-34-_jpg.rf.03a082ecacd6aa420d920fde504dc8be CS.jpg,0.10870
healthy-340-_jpg.rf.f8b2739d8958ff28e34e9e3c9dc0e076.jpg,C:\Users\ihver\Desktop\ay2023-2024-2nd-sem-cmsc190-sp2-ihvergara\images\dataset_CS\healthy_CS\healthy-340-_jpg.rf.f8b2739d8958ff28e34e9e3c9dc0e076 CS.jpg,0.11204
healthy-341-_jpg.rf.a3cc148b11d2360f1beeba03ac5a5caf.jpg,C:\Users\ihver\Desktop\ay2023-2024-2nd-sem-cmsc190-sp2-ihvergara\images\dataset_CS\healthy_CS\healthy-341-_jpg.rf.a3cc148b11d2360f1beeba03ac5a5caf CS.jpg,0.11447
healthy-342-_jpg.rf.c5c5199152274568fbb7b7696ce68333.jpg,C:\Users\ihver\Desktop\ay2023-2024-2nd-sem-cmsc190-sp2-ihvergara\images\dataset_CS\healthy_CS\healthy-342-_jpg.rf.c5c5199152274568fbb7b7696ce68333 CS.jpg,0.10671
healthy-343-_jpg.rf.0ad3f8383b7f25d014a67e2d1fd8ebd4.jpg,C:\Users\ihver\Desktop\ay2023-2024-2nd-sem-cmsc190-sp2-ihvergara\images\dataset_CS\healthy_CS\healthy-343-_jpg.rf.0ad3f8383b7f25d014a67e2d1fd8ebd4 CS.jpg,0.13427
healthy-344-_jpg.rf.14e63e6c3599b39c73ad1b18564517f7.jpg,C:\Users\ihver\Desktop\ay2023-2024-2nd-sem-cmsc190-sp2-ihvergara\images\dataset_CS\healthy_CS\healthy-344-_jpg.rf.14e63e6c3599b39c73ad1b18564517f7 CS.jpg,0.14337
healthy-345-_jpg.rf.b77a212d51e974ffdb2ddb18ddfe68a1.jpg,C:\Users\ihver\Desktop\ay2023-2024-2nd-sem-cmsc190-sp2-ihvergara\images\dataset_CS\healthy_CS\healthy-345-_jpg.rf.b77a212d51e974ffdb2ddb18ddfe68a1 CS.jpg,0.11733
healthy-346-_jpg.rf.f6ff25b5d5234620286becd0de117e91.jpg,C:\Users\ihver\Desktop\ay2023-2024-2nd-sem-cmsc190-sp2-ihvergara\images\dataset_CS\healthy_CS\healthy-346-_jpg.rf.f6ff25b5d5234620286becd0de117e91 CS.jpg,0.11241
healthy-347-_jpg.rf.7b143291d938b66692d04642802dd0c1.jpg,C:\Users\ihver\Desktop\ay2023-2024-2nd-sem-cmsc190-sp2-ihvergara\images\dataset_CS\healthy_CS\healthy-347-_jpg.rf.7b143291d938b66692d04642802dd0c1 CS.jpg,0.08775
healthy-348-_jpg.rf.b7256c391f18bf5be8ba4320788d00ac.jpg,C:\Users\ihver\Desktop\ay2023-2024-2nd-sem-cmsc190-sp2-ihvergara\images\dataset_CS\healthy_CS\healthy-348-_jpg.rf.b7256c391f18bf5be8ba4320788d00ac CS.jpg,0.09239
healthy-349-_jpg.rf.5801531be176500ad2974dc5a5232800.jpg,C:\Users\ihver\Desktop\ay2023-2024-2nd-sem-cmsc190-sp2-ihvergara\images\dataset_CS\healthy_CS\healthy-349-_jpg.rf.5801531be176500ad2974dc5a5232800 CS.jpg,0.09973
healthy-35-_jpg.rf.a0e58f1a4b0a09bbbf868bc036b10bbd.jpg,C:\Users\ihver\Desktop\ay2023-2024-2nd-sem-cmsc190-sp2-ihvergara\images\dataset_CS\healthy_CS\healthy-35-_jpg.rf.a0e58f1a4b0a09bbbf868bc036b10bbd CS.jpg,0.11181
healthy-36-_jpg.rf.b6c4cbb612a221f82d8244342ccde35b.jpg,C:\Users\ihver\Desktop\ay2023-2024-2nd-sem-cmsc190-sp2-ihvergara\images\dataset_CS\healthy_CS\healthy-36-_jpg.rf.b6c4cbb612a221f82d8244342ccde35b CS.jpg,0.09921
healthy-37-_jpg.rf.1a8159ebd9d1a050ecf0444828d3729f.jpg,C:\Users\ihver\Desktop\ay2023-2024-2nd-sem-cmsc190-sp2-ihvergara\images\dataset_CS\healthy_CS\healthy-37-_jpg.rf.1a8159ebd9d1a050ecf0444828d3729f CS.jpg,0.11172
healthy-38-_jpg.rf.9445f700c08a635b4507b936c8d72e5e.jpg,C:\Users\ihver\Desktop\ay2023-2024-2nd-sem-cmsc190-sp2-ihvergara\images\dataset_CS\healthy_CS\healthy-38-_jpg.rf.9445f700c08a635b4507b936c8d72e5e CS.jpg,0.10616
healthy-39-_jpg.rf.3cb1e19dfba7d6d249dcc3fcaa8041e6.jpg,C:\Users\ihver\Desktop\ay2023-2024-2nd-sem-cmsc190-sp2-ihvergara\images\dataset_CS\healthy_CS\healthy-39-_jpg.rf.3cb1e19dfba7d6d249dcc3fcaa8041e6 CS.jpg,0.13503
healthy-4-_jpg.rf.18c1db78861d45cf7a0ef5c893629902.jpg,C:\Users\ihver\Desktop\ay2023-2024-2nd-sem-cmsc190-sp2-ihvergara\images\dataset_CS\healthy_CS\healthy-4-_jpg.rf.18c1db78861d45cf7a0ef5c893629902 CS.jpg,0.10168
healthy-40-_jpg.rf.138d52e11dd05d55f93aa707779c8c8e.jpg,C:\Users\ihver\Desktop\ay2023-2024-2nd-sem-cmsc190-sp2-ihvergara\images\dataset_CS\healthy_CS\healthy-40-_jpg.rf.138d52e11dd05d55f93aa707779c8c8e CS.jpg,0.11590
healthy-41-_jpg.rf.2f5e38d259dd7cff2251e1868a265637.jpg,C:\Users\ihver\Desktop\ay2023-2024-2nd-sem-cmsc190-sp2-ihvergara\images\dataset_CS\healthy_CS\healthy-41-_jpg.rf.2f5e38d259dd7cff2251e1868a265637 CS.jpg,0.11178
healthy-42-_jpg.rf.63d829d17994cfa497b31b20b25b5d35.jpg,C:\Users\ihver\Desktop\ay2023-2024-2nd-sem-cmsc190-sp2-ihvergara\images\dataset_CS\healthy_CS\healthy-42-_jpg.rf.63d829d17994cfa497b31b20b25b5d35 CS.jpg,0.12490
healthy-43-_jpg.rf.293a4983b310240884e212773dfe89de.jpg,C:\Users\ihver\Desktop\ay2023-2024-2nd-sem-cmsc190-sp2-ihvergara\images\dataset_CS\healthy_CS\healthy-43-_jpg.rf.293a4983b310240884e212773dfe89de CS.jpg,0.12297
healthy-44-_jpg.rf.d5b2250d48aef26d2fb5d87dcc67b637.jpg,C:\Users\ihver\Desktop\ay2023-2024-2nd-sem-cmsc190-sp2-ihvergara\images\dataset_CS\healthy_CS\healthy-44-_jpg.rf.d5b2250d48aef26d2fb5d87dcc67b637 CS.jpg,0.10486
healthy-45-_jpg.rf.24b39853e58556b2525e6af35fa79abd.jpg,C:\Users\ihver\Desktop\ay2023-2024-2nd-sem-cmsc190-sp2-ihvergara\images\dataset_CS\healthy_CS\healthy-45-_jpg.rf.24b39853e58556b2525e6af35fa79abd CS.jpg,0.09878
healthy-46-_jpg.rf.6d3a175b63c76424515de171a88bd23e.jpg,C:\Users\ihver\Desktop\ay2023-2024-2nd-sem-cmsc190-sp2-ihvergara\images\dataset_CS\healthy_CS\healthy-46-_jpg.rf.6d3a175b63c76424515de171a88bd23e CS.jpg,0.09973
healthy-47-_jpg.rf.eda1607f10529f1225d5b81ac184c1b8.jpg,C:\Users\ihver\Desktop\ay2023-2024-2nd-sem-cmsc190-sp2-ihvergara\images\dataset_CS\healthy_CS\healthy-47-_jpg.rf.eda1607f10529f1225d5b81ac184c1b8 CS.jpg,0.09645
healthy-48-_jpg.rf.a5ff25c306bd1973c70fe35ce7d40e14.jpg,C:\Users\ihver\Desktop\ay2023-2024-2nd-sem-cmsc190-sp2-ihvergara\images\dataset_CS\healthy_CS\healthy-48-_jpg.rf.a5ff25c306bd1973c70fe35ce7d40e14 CS.jpg,0.10608
healthy-49-_jpg.rf.fb8e90d0feb33ff09a924c172f4a5fa0.jpg,C:\Users\ihver\Desktop\ay2023-2024-2nd-sem-cmsc190-sp2-ihvergara\images\dataset_CS\healthy_CS\healthy-49-_jpg.rf.fb8e90d0feb33ff09a924c172f4a5fa0 CS.jpg,0.09792
healthy-5-_jpg.rf.f9c9b1c1a04fb13b25de4f3cbe465e1c.jpg,C:\Users\ihver\Desktop\ay2023-2024-2nd-sem-cmsc190-sp2-ihvergara\images\dataset_CS\healthy_CS\healthy-5-_jpg.rf.f9c9b1c1a04fb13b25de4f3cbe465e1c CS.jpg,0.09240
healthy-50-_jpg.rf.f7d993ed3bd3c3aa8fb87c7f631424d0.jpg,C:\Users\ihver\Desktop\ay2023-2024-2nd-sem-cmsc190-sp2-ihvergara\images\dataset_CS\healthy_CS\healthy-50-_jpg.rf.f7d993ed3bd3c3aa8fb87c7f631424d0 CS.jpg,0.10618
healthy-51-_jpg.rf.7fd3283c7f48c5e19f612bc6ed13fb27.jpg,C:\Users\ihver\Desktop\ay2023-2024-2nd-sem-cmsc190-sp2-ihvergara\images\dataset_CS\healthy_CS\healthy-51-_jpg.rf.7fd3283c7f48c5e19f612bc6ed13fb27 CS.jpg,0.09114
healthy-52-_jpg.rf.48e2784a649208050d1278d9d96316bc.jpg,C:\Users\ihver\Desktop\ay2023-2024-2nd-sem-cmsc190-sp2-ihvergara\images\dataset_CS\healthy_CS\healthy-52-_jpg.rf.48e2784a649208050d1278d9d96316bc CS.jpg,0.09907
healthy-53-_jpg.rf.f4b7f03bf61abb1a3f9762c58ef0f646.jpg,C:\Users\ihver\Desktop\ay2023-2024-2nd-sem-cmsc190-sp2-ihvergara\images\dataset_CS\healthy_CS\healthy-53-_jpg.rf.f4b7f03bf61abb1a3f9762c58ef0f646 CS.jpg,0.10033
healthy-54-_jpg.rf.5065088bb958ca462cdf7578c32543be.jpg,C:\Users\ihver\Desktop\ay2023-2024-2nd-sem-cmsc190-sp2-ihvergara\images\dataset_CS\healthy_CS\healthy-54-_jpg.rf.5065088bb958ca462cdf7578c32543be CS.jpg,0.10173
healthy-55-_jpg.rf.5e130ca9a16c8ddfc2d578794e56a0e6.jpg,C:\Users\ihver\Desktop\ay2023-2024-2nd-sem-cmsc190-sp2-ihvergara\images\dataset_CS\healthy_CS\healthy-55-_jpg.rf.5e130ca9a16c8ddfc2d578794e56a0e6 CS.jpg,0.10216
healthy-56-_jpg.rf.345721e1ac39357a1d375e7db23161b3.jpg,C:\Users\ihver\Desktop\ay2023-2024-2nd-sem-cmsc190-sp2-ihvergara\images\dataset_CS\healthy_CS\healthy-56-_jpg.rf.345721e1ac39357a1d375e7db23161b3 CS.jpg,0.09664
healthy-57-_jpg.rf.ce2326bc44cb2e05798a219336bb79d4.jpg,C:\Users\ihver\Desktop\ay2023-2024-2nd-sem-cmsc190-sp2-ihvergara\images\dataset_CS\healthy_CS\healthy-57-_jpg.rf.ce2326bc44cb2e05798a219336bb79d4 CS.jpg,0.10353
healthy-58-_jpg.rf.0c978f700f27036066df2d7a7f404cf2.jpg,C:\Users\ihver\Desktop\ay2023-2024-2nd-sem-cmsc190-sp2-ihvergara\images\dataset_CS\healthy_CS\healthy-58-_jpg.rf.0c978f700f27036066df2d7a7f404cf2 CS.jpg,0.10701
healthy-59-_jpg.rf.03461dcfdbabbf20e5859547b7be186c.jpg,C:\Users\ihver\Desktop\ay2023-2024-2nd-sem-cmsc190-sp2-ihvergara\images\dataset_CS\healthy_CS\healthy-59-_jpg.rf.03461dcfdbabbf20e5859547b7be186c CS.jpg,0.10347
healthy-6-_jpg.rf.dc13c3156d6d49a9865c6ac2661bb1a7.jpg,C:\Users\ihver\Desktop\ay2023-2024-2nd-sem-cmsc190-sp2-ihvergara\images\dataset_CS\healthy_CS\healthy-6-_jpg.rf.dc13c3156d6d49a9865c6ac2661bb1a7 CS.jpg,0.10175
healthy-60-_jpg.rf.5d99c9275a9faef4a2df53a00f0c80b5.jpg,C:\Users\ihver\Desktop\ay2023-2024-2nd-sem-cmsc190-sp2-ihvergara\images\dataset_CS\healthy_CS\healthy-60-_jpg.rf.5d99c9275a9faef4a2df53a00f0c80b5 CS.jpg,0.10901
healthy-61-_jpg.rf.6f9c47a5730b99f8a023f21425e9b92a.jpg,C:\Users\ihver\Desktop\ay2023-2024-2nd-sem-cmsc190-sp2-ihvergara\images\dataset_CS\healthy_CS\healthy-61-_jpg.rf.6f9c47a5730b99f8a023f21425e9b92a CS.jpg,0.09736
healthy-62-_jpg.rf.d84b6989179093e3e7cf39e18c328a37.jpg,C:\Users\ihver\Desktop\ay2023-2024-2nd-sem-cmsc190-sp2-ihvergara\images\dataset_CS\healthy_CS\healthy-62-_jpg.rf.d84b6989179093e3e7cf39e18c328a37 CS.jpg,0.09975
healthy-63-_jpg.rf.6c06995d91af3ae30c08967bafb50f53.jpg,C:\Users\ihver\Desktop\ay2023-2024-2nd-sem-cmsc190-sp2-ihvergara\images\dataset_CS\healthy_CS\healthy-63-_jpg.rf.6c06995d91af3ae30c08967bafb50f53 CS.jpg,0.13365
healthy-64-_jpg.rf.57f94fc89ef515af356867521e22f4e8.jpg,C:\Users\ihver\Desktop\ay2023-2024-2nd-sem-cmsc190-sp2-ihvergara\images\dataset_CS\healthy_CS\healthy-64-_jpg.rf.57f94fc89ef515af356867521e22f4e8 CS.jpg,0.11915
healthy-65-_jpg.rf.6b73315e77393b1c1fb70b111d626518.jpg,C:\Users\ihver\Desktop\ay2023-2024-2nd-sem-cmsc190-sp2-ihvergara\images\dataset_CS\healthy_CS\healthy-65-_jpg.rf.6b73315e77393b1c1fb70b111d626518 CS.jpg,0.08243
healthy-66-_jpg.rf.668d92206300e012c8d7ef5f28ed150d.jpg,C:\Users\ihver\Desktop\ay2023-2024-2nd-sem-cmsc190-sp2-ihvergara\images\dataset_CS\healthy_CS\healthy-66-_jpg.rf.668d92206300e012c8d7ef5f28ed150d CS.jpg,0.11296
healthy-67-_jpg.rf.9cd1276e4f2a4f1058a0f7df26738e18.jpg,C:\Users\ihver\Desktop\ay2023-2024-2nd-sem-cmsc190-sp2-ihvergara\images\dataset_CS\healthy_CS\healthy-67-_jpg.rf.9cd1276e4f2a4f1058a0f7df26738e18 CS.jpg,0.13145
healthy-68-_jpg.rf.06c65c94d18d9d5dd5f0a38a40029c1a.jpg,C:\Users\ihver\Desktop\ay2023-2024-2nd-sem-cmsc190-sp2-ihvergara\images\dataset_CS\healthy_CS\healthy-68-_jpg.rf.06c65c94d18d9d5dd5f0a38a40029c1a CS.jpg,0.13592
healthy-69-_jpg.rf.970dffd3992f12584960f4ddb3c809cd.jpg,C:\Users\ihver\Desktop\ay2023-2024-2nd-sem-cmsc190-sp2-ihvergara\images\dataset_CS\healthy_CS\healthy-69-_jpg.rf.970dffd3992f12584960f4ddb3c809cd CS.jpg,0.11063
healthy-7-_jpg.rf.56c70db5421dcdcfd620159bf59cf2ab.jpg,C:\Users\ihver\Desktop\ay2023-2024-2nd-sem-cmsc190-sp2-ihvergara\images\dataset_CS\healthy_CS\healthy-7-_jpg.rf.56c70db5421dcdcfd620159bf59cf2ab CS.jpg,0.09711
healthy-70-_jpg.rf.b960ffa3f3306b76f753077d47cf543c.jpg,C:\Users\ihver\Desktop\ay2023-2024-2nd-sem-cmsc190-sp2-ihvergara\images\dataset_CS\healthy_CS\healthy-70-_jpg.rf.b960ffa3f3306b76f753077d47cf543c CS.jpg,0.10319
healthy-71-_jpg.rf.896ea3ffec225f12be412899c54dfd7e.jpg,C:\Users\ihver\Desktop\ay2023-2024-2nd-sem-cmsc190-sp2-ihvergara\images\dataset_CS\healthy_CS\healthy-71-_jpg.rf.896ea3ffec225f12be412899c54dfd7e CS.jpg,0.09419
healthy-72-_jpg.rf.9256f90a861aeb112fdd5be408a36ac9.jpg,C:\Users\ihver\Desktop\ay2023-2024-2nd-sem-cmsc190-sp2-ihvergara\images\dataset_CS\healthy_CS\healthy-72-_jpg.rf.9256f90a861aeb112fdd5be408a36ac9 CS.jpg,0.13636
healthy-73-_jpg.rf.23559bf8b612d3eef4d2240a748efdec.jpg,C:\Users\ihver\Desktop\ay2023-2024-2nd-sem-cmsc190-sp2-ihvergara\images\dataset_CS\healthy_CS\healthy-73-_jpg.rf.23559bf8b612d3eef4d2240a748efdec CS.jpg,0.11110
healthy-74-_jpg.rf.173efb64b2bef8a1d8a086872322a225.jpg,C:\Users\ihver\Desktop\ay2023-2024-2nd-sem-cmsc190-sp2-ihvergara\images\dataset_CS\healthy_CS\healthy-74-_jpg.rf.173efb64b2bef8a1d8a086872322a225 CS.jpg,0.11874
healthy-75-_jpg.rf.791af89d65aeccdec30a7c9427154ecf.jpg,C:\Users\ihver\Desktop\ay2023-2024-2nd-sem-cmsc190-sp2-ihvergara\images\dataset_CS\healthy_CS\healthy-75-_jpg.rf.791af89d65aeccdec30a7c9427154ecf CS.jpg,0.12951
healthy-76-_jpg.rf.1a4ca1c0d56a7051173591f6f4977030.jpg,C:\Users\ihver\Desktop\ay2023-2024-2nd-sem-cmsc190-sp2-ihvergara\images\dataset_CS\healthy_CS\healthy-76-_jpg.rf.1a4ca1c0d56a7051173591f6f4977030 CS.jpg,0.10815
healthy-77-_jpg.rf.7aaa189e86dd713d02e495dd673844a8.jpg,C:\Users\ihver\Desktop\ay2023-2024-2nd-sem-cmsc190-sp2-ihvergara\images\dataset_CS\healthy_CS\healthy-77-_jpg.rf.7aaa189e86dd713d02e495dd673844a8 CS.jpg,0.12278
healthy-78-_jpg.rf.5003d1952d8240e8788c48c38b78ec37.jpg,C:\Users\ihver\Desktop\ay2023-2024-2nd-sem-cmsc190-sp2-ihvergara\images\dataset_CS\healthy_CS\healthy-78-_jpg.rf.5003d1952d8240e8788c48c38b78ec37 CS.jpg,0.11042
healthy-79-_jpg.rf.353ed4cd6428b8fc8947ea780eeeb9b0.jpg,C:\Users\ihver\Desktop\ay2023-2024-2nd-sem-cmsc190-sp2-ihvergara\images\dataset_CS\healthy_CS\healthy-79-_jpg.rf.353ed4cd6428b8fc8947ea780eeeb9b0 CS.jpg,0.11907
healthy-8-_jpg.rf.1461d524fce0301b22f7eae1f73c43a5.jpg,C:\Users\ihver\Desktop\ay2023-2024-2nd-sem-cmsc190-sp2-ihvergara\images\dataset_CS\healthy_CS\healthy-8-_jpg.rf.1461d524fce0301b22f7eae1f73c43a5 CS.jpg,0.09017
healthy-80-_jpg.rf.589d6cfa0a45b703ee63977c794a2162.jpg,C:\Users\ihver\Desktop\ay2023-2024-2nd-sem-cmsc190-sp2-ihvergara\images\dataset_CS\healthy_CS\healthy-80-_jpg.rf.589d6cfa0a45b703ee63977c794a2162 CS.jpg,0.11705
healthy-81-_jpg.rf.cdae3208fc9d88502fcd8442ec7ca752.jpg,C:\Users\ihver\Desktop\ay2023-2024-2nd-sem-cmsc190-sp2-ihvergara\images\dataset_CS\healthy_CS\healthy-81-_jpg.rf.cdae3208fc9d88502fcd8442ec7ca752 CS.jpg,0.11103
healthy-82-_jpg.rf.a5150b5d44641b4eb7f735922af2f449.jpg,C:\Users\ihver\Desktop\ay2023-2024-2nd-sem-cmsc190-sp2-ihvergara\images\dataset_CS\healthy_CS\healthy-82-_jpg.rf.a5150b5d44641b4eb7f735922af2f449 CS.jpg,0.12262
healthy-84-_jpg.rf.9297814e09f914a106a99417674124b9.jpg,C:\Users\ihver\Desktop\ay2023-2024-2nd-sem-cmsc190-sp2-ihvergara\images\dataset_CS\healthy_CS\healthy-84-_jpg.rf.9297814e09f914a106a99417674124b9 CS.jpg,0.11086
healthy-86-_jpg.rf.d2888b13d8155216a87fb1bdd86017b8.jpg,C:\Users\ihver\Desktop\ay2023-2024-2nd-sem-cmsc190-sp2-ihvergara\images\dataset_CS\healthy_CS\healthy-86-_jpg.rf.d2888b13d8155216a87fb1bdd86017b8 CS.jpg,0.11897
healthy-88-_jpg.rf.be749717e7ee0d9fb7e2c0b7c4f153b4.jpg,C:\Users\ihver\Desktop\ay2023-2024-2nd-sem-cmsc190-sp2-ihvergara\images\dataset_CS\healthy_CS\healthy-88-_jpg.rf.be749717e7ee0d9fb7e2c0b7c4f153b4 CS.jpg,0.14885
healthy-89-_jpg.rf.ce8034e3932536a0931b938cf56d6a5c.jpg,C:\Users\ihver\Desktop\ay2023-2024-2nd-sem-cmsc190-sp2-ihvergara\images\dataset_CS\healthy_CS\healthy-89-_jpg.rf.ce8034e3932536a0931b938cf56d6a5c CS.jpg,0.12386
healthy-9-_jpg.rf.f93abee9256956b5ce9342159d3456c1.jpg,C:\Users\ihver\Desktop\ay2023-2024-2nd-sem-cmsc190-sp2-ihvergara\images\dataset_CS\healthy_CS\healthy-9-_jpg.rf.f93abee9256956b5ce9342159d3456c1 CS.jpg,0.09665
healthy-90-_jpg.rf.8350d80abbd0535e10004428197431b8.jpg,C:\Users\ihver\Desktop\ay2023-2024-2nd-sem-cmsc190-sp2-ihvergara\images\dataset_CS\healthy_CS\healthy-90-_jpg.rf.8350d80abbd0535e10004428197431b8 CS.jpg,0.12920
healthy-91-_jpg.rf.78d6bace56a603f619722371bfd7d1a3.jpg,C:\Users\ihver\Desktop\ay2023-2024-2nd-sem-cmsc190-sp2-ihvergara\images\dataset_CS\healthy_CS\healthy-91-_jpg.rf.78d6bace56a603f619722371bfd7d1a3 CS.jpg,0.11727
healthy-92-_jpg.rf.17293b33c5cff889c26d149940dd2281.jpg,C:\Users\ihver\Desktop\ay2023-2024-2nd-sem-cmsc190-sp2-ihvergara\images\dataset_CS\healthy_CS\healthy-92-_jpg.rf.17293b33c5cff889c26d149940dd2281 CS.jpg,0.11610
healthy-93-_jpg.rf.a8478cc4555a51cb427f4d23f47014ea.jpg,C:\Users\ihver\Desktop\ay2023-2024-2nd-sem-cmsc190-sp2-ihvergara\images\dataset_CS\healthy_CS\healthy-93-_jpg.rf.a8478cc4555a51cb427f4d23f47014ea CS.jpg,0.13507
healthy-94-_jpg.rf.0b086ee9fbf505d5dec1875fa4dcca50.jpg,C:\Users\ihver\Desktop\ay2023-2024-2nd-sem-cmsc190-sp2-ihvergara\images\dataset_CS\healthy_CS\healthy-94-_jpg.rf.0b086ee9fbf505d5dec1875fa4dcca50 CS.jpg,0.10848
healthy-95-_jpg.rf.5c58d4f289999af67dd9d2551595fca5.jpg,C:\Users\ihver\Desktop\ay2023-2024-2nd-sem-cmsc190-sp2-ihvergara\images\dataset_CS\healthy_CS\healthy-95-_jpg.rf.5c58d4f289999af67dd9d2551595fca5 CS.jpg,0.11259
healthy-96-_jpg.rf.51bd3248dcfb5b8fd278ac1a91efcaf8.jpg,C:\Users\ihver\Desktop\ay2023-2024-2nd-sem-cmsc190-sp2-ihvergara\images\dataset_CS\healthy_CS\healthy-96-_jpg.rf.51bd3248dcfb5b8fd278ac1a91efcaf8 CS.jpg,0.14337
healthy-97-_jpg.rf.40e1cce17421ea2f643b0c90b535cdcc.jpg,C:\Users\ihver\Desktop\ay2023-2024-2nd-sem-cmsc190-sp2-ihvergara\images\dataset_CS\healthy_CS\healthy-97-_jpg.rf.40e1cce17421ea2f643b0c90b535cdcc CS.jpg,0.08777
healthy-98-_jpg.rf.c367023a1c2b78cad89f5acf60e36744.jpg,C:\Users\ihver\Desktop\ay2023-2024-2nd-sem-cmsc190-sp2-ihvergara\images\dataset_CS\healthy_CS\healthy-98-_jpg.rf.c367023a1c2b78cad89f5acf60e36744 CS.jpg,0.10600
healthy-99-_jpg.rf.0574110c2658d0b1e29b937dbd426c9d.jpg,C:\Users\ihver\Desktop\ay2023-2024-2nd-sem-cmsc190-sp2-ihvergara\images\dataset_CS\healthy_CS\healthy-99-_jpg.rf.0574110c2658d0b1e29b937dbd426c9d CS.jpg,0.10591
healthy_val-1-_jpg.rf.62d2f4cb86782c064cb299db10631b3f.jpg,C:\Users\ihver\Desktop\ay2023-2024-2nd-sem-cmsc190-sp2-ihvergara\images\dataset_CS\healthy_CS\healthy_val-1-_jpg.rf.62d2f4cb86782c064cb299db10631b3f CS.jpg,0.11645
healthy_val-10-_jpg.rf.cd8f9b482dc231a542aa0770a3547314.jpg,C:\Users\ihver\Desktop\ay2023-2024-2nd-sem-cmsc190-sp2-ihvergara\images\dataset_CS\healthy_CS\healthy_val-10-_jpg.rf.cd8f9b482dc231a542aa0770a3547314 CS.jpg,0.10044
healthy_val-11-_jpg.rf.cf0edc655430d37474c68ff050b75bba.jpg,C:\Users\ihver\Desktop\ay2023-2024-2nd-sem-cmsc190-sp2-ihvergara\images\dataset_CS\healthy_CS\healthy_val-11-_jpg.rf.cf0edc655430d37474c68ff050b75bba CS.jpg,0.08853
healthy_val-12-_jpg.rf.9bb23257d20dc3dcf8018551fb37d738.jpg,C:\Users\ihver\Desktop\ay2023-2024-2nd-sem-cmsc190-sp2-ihvergara\images\dataset_CS\healthy_CS\healthy_val-12-_jpg.rf.9bb23257d20dc3dcf8018551fb37d738 CS.jpg,0.11238
healthy_val-13-_jpg.rf.787d1f3d96ed99c2cb7126820fbe1c62.jpg,C:\Users\ihver\Desktop\ay2023-2024-2nd-sem-cmsc190-sp2-ihvergara\images\dataset_CS\healthy_CS\healthy_val-13-_jpg.rf.787d1f3d96ed99c2cb7126820fbe1c62 CS.jpg,0.11621
healthy_val-14-_jpg.rf.f40c169688b0346f278bc363a1785287.jpg,C:\Users\ihver\Desktop\ay2023-2024-2nd-sem-cmsc190-sp2-ihvergara\images\dataset_CS\healthy_CS\healthy_val-14-_jpg.rf.f40c169688b0346f278bc363a1785287 CS.jpg,0.09039
healthy_val-15-_jpg.rf.f52c82c2c062ee97d0affd1fe41426d5.jpg,C:\Users\ihver\Desktop\ay2023-2024-2nd-sem-cmsc190-sp2-ihvergara\images\dataset_CS\healthy_CS\healthy_val-15-_jpg.rf.f52c82c2c062ee97d0affd1fe41426d5 CS.jpg,0.11054
healthy_val-16-_jpg.rf.9d5cb8cfe4dcaa65de4b50761eb1e9cd.jpg,C:\Users\ihver\Desktop\ay2023-2024-2nd-sem-cmsc190-sp2-ihvergara\images\dataset_CS\healthy_CS\healthy_val-16-_jpg.rf.9d5cb8cfe4dcaa65de4b50761eb1e9cd CS.jpg,0.11254
healthy_val-17-_jpg.rf.b57345aae38fff187203240644b72747.jpg,C:\Users\ihver\Desktop\ay2023-2024-2nd-sem-cmsc190-sp2-ihvergara\images\dataset_CS\healthy_CS\healthy_val-17-_jpg.rf.b57345aae38fff187203240644b72747 CS.jpg,0.09898
healthy_val-18-_jpg.rf.0068760d3f42fd6ab47c80ab39ad5cb8.jpg,C:\Users\ihver\Desktop\ay2023-2024-2nd-sem-cmsc190-sp2-ihvergara\images\dataset_CS\healthy_CS\healthy_val-18-_jpg.rf.0068760d3f42fd6ab47c80ab39ad5cb8 CS.jpg,0.10781
healthy_val-19-_jpg.rf.5f8aedd60ac189b77408afdef63cc5d2.jpg,C:\Users\ihver\Desktop\ay2023-2024-2nd-sem-cmsc190-sp2-ihvergara\images\dataset_CS\healthy_CS\healthy_val-19-_jpg.rf.5f8aedd60ac189b77408afdef63cc5d2 CS.jpg,0.10881
healthy_val-2-_jpg.rf.9970156de7d89fcf7f4f9a958f7aec11.jpg,C:\Users\ihver\Desktop\ay2023-2024-2nd-sem-cmsc190-sp2-ihvergara\images\dataset_CS\healthy_CS\healthy_val-2-_jpg.rf.9970156de7d89fcf7f4f9a958f7aec11 CS.jpg,0.07772
healthy_val-20-_jpg.rf.0de32ffdd34b62aefb7371bd6fe8ed18.jpg,C:\Users\ihver\Desktop\ay2023-2024-2nd-sem-cmsc190-sp2-ihvergara\images\dataset_CS\healthy_CS\healthy_val-20-_jpg.rf.0de32ffdd34b62aefb7371bd6fe8ed18 CS.jpg,0.10998
healthy_val-21-_jpg.rf.9095a07003a46201999dfba86fb18fd4.jpg,C:\Users\ihver\Desktop\ay2023-2024-2nd-sem-cmsc190-sp2-ihvergara\images\dataset_CS\healthy_CS\healthy_val-21-_jpg.rf.9095a07003a46201999dfba86fb18fd4 CS.jpg,0.09753
healthy_val-22-_jpg.rf.ab79fff46b2e043ecdbe07d4a820a3e3.jpg,C:\Users\ihver\Desktop\ay2023-2024-2nd-sem-cmsc190-sp2-ihvergara\images\dataset_CS\healthy_CS\healthy_val-22-_jpg.rf.ab79fff46b2e043ecdbe07d4a820a3e3 CS.jpg,0.09378
healthy_val-23-_jpg.rf.ee038df4b3711fae6f7016c8f43f4f91.jpg,C:\Users\ihver\Desktop\ay2023-2024-2nd-sem-cmsc190-sp2-ihvergara\images\dataset_CS\healthy_CS\healthy_val-23-_jpg.rf.ee038df4b3711fae6f7016c8f43f4f91 CS.jpg,0.09018
healthy_val-24-_jpg.rf.b9d4dbe43034e5cb3d8ac12a742bc19b.jpg,C:\Users\ihver\Desktop\ay2023-2024-2nd-sem-cmsc190-sp2-ihvergara\images\dataset_CS\healthy_CS\healthy_val-24-_jpg.rf.b9d4dbe43034e5cb3d8ac12a742bc19b CS.jpg,0.08927
healthy_val-25-_jpg.rf.0fe5393713764a31378c7a97ea4fe197.jpg,C:\Users\ihver\Desktop\ay2023-2024-2nd-sem-cmsc190-sp2-ihvergara\images\dataset_CS\healthy_CS\healthy_val-25-_jpg.rf.0fe5393713764a31378c7a97ea4fe197 CS.jpg,0.11585
healthy_val-26-_jpg.rf.3486a8298543a5028d95954563215824.jpg,C:\Users\ihver\Desktop\ay2023-2024-2nd-sem-cmsc190-sp2-ihvergara\images\dataset_CS\healthy_CS\healthy_val-26-_jpg.rf.3486a8298543a5028d95954563215824 CS.jpg,0.10523
healthy_val-27-_jpg.rf.1213c21168058ef73ab9b5b55a967b4e.jpg,C:\Users\ihver\Desktop\ay2023-2024-2nd-sem-cmsc190-sp2-ihvergara\images\dataset_CS\healthy_CS\healthy_val-27-_jpg.rf.1213c21168058ef73ab9b5b55a967b4e CS.jpg,0.12271
healthy_val-28-_jpg.rf.c8be26a2877d756dcc53d9a860d42eae.jpg,C:\Users\ihver\Desktop\ay2023-2024-2nd-sem-cmsc190-sp2-ihvergara\images\dataset_CS\healthy_CS\healthy_val-28-_jpg.rf.c8be26a2877d756dcc53d9a860d42eae CS.jpg,0.13535
healthy_val-29-_jpg.rf.4e9ff49452de190f5936655ebfc89143.jpg,C:\Users\ihver\Desktop\ay2023-2024-2nd-sem-cmsc190-sp2-ihvergara\images\dataset_CS\healthy_CS\healthy_val-29-_jpg.rf.4e9ff49452de190f5936655ebfc89143 CS.jpg,0.11329
healthy_val-3-_jpg.rf.c8da8bfeb80e445e54da1c7438aa304d.jpg,C:\Users\ihver\Desktop\ay2023-2024-2nd-sem-cmsc190-sp2-ihvergara\images\dataset_CS\healthy_CS\healthy_val-3-_jpg.rf.c8da8bfeb80e445e54da1c7438aa304d CS.jpg,0.12260
healthy_val-30-_jpg.rf.03ed900dc96bc3c37bcd4857a0d25175.jpg,C:\Users\ihver\Desktop\ay2023-2024-2nd-sem-cmsc190-sp2-ihvergara\images\dataset_CS\healthy_CS\healthy_val-30-_jpg.rf.03ed900dc96bc3c37bcd4857a0d25175 CS.jpg,0.10360
healthy_val-31-_jpg.rf.6f94974ad5610f217e831dfae2659dcd.jpg,C:\Users\ihver\Desktop\ay2023-2024-2nd-sem-cmsc190-sp2-ihvergara\images\dataset_CS\healthy_CS\healthy_val-31-_jpg.rf.6f94974ad5610f217e831dfae2659dcd CS.jpg,0.09978
healthy_val-32-_jpg.rf.1d21c8ee6e52af2e4149666a0ac31f7d.jpg,C:\Users\ihver\Desktop\ay2023-2024-2nd-sem-cmsc190-sp2-ihvergara\images\dataset_CS\healthy_CS\healthy_val-32-_jpg.rf.1d21c8ee6e52af2e4149666a0ac31f7d CS.jpg,0.14090
healthy_val-33-_jpg.rf.79fa22af210f3223ddf83bd54d01f81a.jpg,C:\Users\ihver\Desktop\ay2023-2024-2nd-sem-cmsc190-sp2-ihvergara\images\dataset_CS\healthy_CS\healthy_val-33-_jpg.rf.79fa22af210f3223ddf83bd54d01f81a CS.jpg,0.11020
healthy_val-34-_jpg.rf.10f0da99b20a9449abec56c19cc19c1d.jpg,C:\Users\ihver\Desktop\ay2023-2024-2nd-sem-cmsc190-sp2-ihvergara\images\dataset_CS\healthy_CS\healthy_val-34-_jpg.rf.10f0da99b20a9449abec56c19cc19c1d CS.jpg,0.14655
healthy_val-35-_jpg.rf.0c839606602cf41e867c65320930fa64.jpg,C:\Users\ihver\Desktop\ay2023-2024-2nd-sem-cmsc190-sp2-ihvergara\images\dataset_CS\healthy_CS\healthy_val-35-_jpg.rf.0c839606602cf41e867c65320930fa64 CS.jpg,0.12115
healthy_val-36-_jpg.rf.7939a4b42c7ace50a164f38bbcd8f5fa.jpg,C:\Users\ihver\Desktop\ay2023-2024-2nd-sem-cmsc190-sp2-ihvergara\images\dataset_CS\healthy_CS\healthy_val-36-_jpg.rf.7939a4b42c7ace50a164f38bbcd8f5fa CS.jpg,0.13427
healthy_val-37-_jpg.rf.cc93ff7d6c15a3a0bb7186d31cdab1e2.jpg,C:\Users\ihver\Desktop\ay2023-2024-2nd-sem-cmsc190-sp2-ihvergara\images\dataset_CS\healthy_CS\healthy_val-37-_jpg.rf.cc93ff7d6c15a3a0bb7186d31cdab1e2 CS.jpg,0.09554
healthy_val-38-_jpg.rf.0f664aad478945dbd9eeb508b85ad3df.jpg,C:\Users\ihver\Desktop\ay2023-2024-2nd-sem-cmsc190-sp2-ihvergara\images\dataset_CS\healthy_CS\healthy_val-38-_jpg.rf.0f664aad478945dbd9eeb508b85ad3df CS.jpg,0.10783
healthy_val-39-_jpg.rf.da607dd1eb48a550140229b9d3737821.jpg,C:\Users\ihver\Desktop\ay2023-2024-2nd-sem-cmsc190-sp2-ihvergara\images\dataset_CS\healthy_CS\healthy_val-39-_jpg.rf.da607dd1eb48a550140229b9d3737821 CS.jpg,0.09949
healthy_val-4-_jpg.rf.0b0a218bdb1206436ae687a53c857c84.jpg,C:\Users\ihver\Desktop\ay2023-2024-2nd-sem-cmsc190-sp2-ihvergara\images\dataset_CS\healthy_CS\healthy_val-4-_jpg.rf.0b0a218bdb1206436ae687a53c857c84 CS.jpg,0.11084
healthy_val-40-_jpg.rf.23ff3e90fe03edb8891f7a1fa9beb759.jpg,C:\Users\ihver\Desktop\ay2023-2024-2nd-sem-cmsc190-sp2-ihvergara\images\dataset_CS\healthy_CS\healthy_val-40-_jpg.rf.23ff3e90fe03edb8891f7a1fa9beb759 CS.jpg,0.13845
healthy_val-41-_jpg.rf.a5eb5beecfeb907f722f87ea34635c83.jpg,C:\Users\ihver\Desktop\ay2023-2024-2nd-sem-cmsc190-sp2-ihvergara\images\dataset_CS\healthy_CS\healthy_val-41-_jpg.rf.a5eb5beecfeb907f722f87ea34635c83 CS.jpg,0.11402
healthy_val-42-_jpg.rf.6cecdaa99baee2cbdfdd610a99b3b869.jpg,C:\Users\ihver\Desktop\ay2023-2024-2nd-sem-cmsc190-sp2-ihvergara\images\dataset_CS\healthy_CS\healthy_val-42-_jpg.rf.6cecdaa99baee2cbdfdd610a99b3b869 CS.jpg,0.11743
healthy_val-43-_jpg.rf.d6cec363c3297dde24283230bf59d757.jpg,C:\Users\ihver\Desktop\ay2023-2024-2nd-sem-cmsc190-sp2-ihvergara\images\dataset_CS\healthy_CS\healthy_val-43-_jpg.rf.d6cec363c3297dde24283230bf59d757 CS.jpg,0.12146
healthy_val-44-_jpg.rf.464c2250e02dc9d2da88743f27c26073.jpg,C:\Users\ihver\Desktop\ay2023-2024-2nd-sem-cmsc190-sp2-ihvergara\images\dataset_CS\healthy_CS\healthy_val-44-_jpg.rf.464c2250e02dc9d2da88743f27c26073 CS.jpg,0.10417
healthy_val-45-_jpg.rf.0189857d83f7f66a1b5f21483921e285.jpg,C:\Users\ihver\Desktop\ay2023-2024-2nd-sem-cmsc190-sp2-ihvergara\images\dataset_CS\healthy_CS\healthy_val-45-_jpg.rf.0189857d83f7f66a1b5f21483921e285 CS.jpg,0.10262
healthy_val-46-_jpg.rf.2efff2b620cf77d7824d8bcc5b5bf2d4.jpg,C:\Users\ihver\Desktop\ay2023-2024-2nd-sem-cmsc190-sp2-ihvergara\images\dataset_CS\healthy_CS\healthy_val-46-_jpg.rf.2efff2b620cf77d7824d8bcc5b5bf2d4 CS.jpg,0.09739
healthy_val-47-_jpg.rf.d83f411e7982e91091fbe25b966a8e94.jpg,C:\Users\ihver\Desktop\ay2023-2024-2nd-sem-cmsc190-sp2-ihvergara\images\dataset_CS\healthy_CS\healthy_val-47-_jpg.rf.d83f411e7982e91091fbe25b966a8e94 CS.jpg,0.10058
healthy_val-48-_jpg.rf.9779fd8e3a95842280bb5ae4f48c8669.jpg,C:\Users\ihver\Desktop\ay2023-2024-2nd-sem-cmsc190-sp2-ihvergara\images\dataset_CS\healthy_CS\healthy_val-48-_jpg.rf.9779fd8e3a95842280bb5ae4f48c8669 CS.jpg,0.09708
healthy_val-49-_jpg.rf.4b5c8cee47dba65514e40c179c7ed7ce.jpg,C:\Users\ihver\Desktop\ay2023-2024-2nd-sem-cmsc190-sp2-ihvergara\images\dataset_CS\healthy_CS\healthy_val-49-_jpg.rf.4b5c8cee47dba65514e40c179c7ed7ce CS.jpg,0.09899
healthy_val-5-_jpg.rf.30bbfd0ce0ade5ba8fef78befc84852b.jpg,C:\Users\ihver\Desktop\ay2023-2024-2nd-sem-cmsc190-sp2-ihvergara\images\dataset_CS\healthy_CS\healthy_val-5-_jpg.rf.30bbfd0ce0ade5ba8fef78befc84852b CS.jpg,0.11154
healthy_val-50-_jpg.rf.22ec7bcd160b101d53c4fd9cabfd0b0a.jpg,C:\Users\ihver\Desktop\ay2023-2024-2nd-sem-cmsc190-sp2-ihvergara\images\dataset_CS\healthy_CS\healthy_val-50-_jpg.rf.22ec7bcd160b101d53c4fd9cabfd0b0a CS.jpg,0.11146
healthy_val-51-_jpg.rf.2b3349e184fa40c45630c7b06f427715.jpg,C:\Users\ihver\Desktop\ay2023-2024-2nd-sem-cmsc190-sp2-ihvergara\images\dataset_CS\healthy_CS\healthy_val-51-_jpg.rf.2b3349e184fa40c45630c7b06f427715 CS.jpg,0.10795
healthy_val-52-_jpg.rf.a11139d9f1468e53ff3ac478427f5562.jpg,C:\Users\ihver\Desktop\ay2023-2024-2nd-sem-cmsc190-sp2-ihvergara\images\dataset_CS\healthy_CS\healthy_val-52-_jpg.rf.a11139d9f1468e53ff3ac478427f5562 CS.jpg,0.10330
healthy_val-53-_jpg.rf.7fe77155fc4fbdf65e3339f061a23308.jpg,C:\Users\ihver\Desktop\ay2023-2024-2nd-sem-cmsc190-sp2-ihvergara\images\dataset_CS\healthy_CS\healthy_val-53-_jpg.rf.7fe77155fc4fbdf65e3339f061a23308 CS.jpg,0.10304
healthy_val-54-_jpg.rf.f522de00e70cd3fe8e9a064f41e2694b.jpg,C:\Users\ihver\Desktop\ay2023-2024-2nd-sem-cmsc190-sp2-ihvergara\images\dataset_CS\healthy_CS\healthy_val-54-_jpg.rf.f522de00e70cd3fe8e9a064f41e2694b CS.jpg,0.10065
healthy_val-55-_jpg.rf.7c38101620e7240266abca551dc5bc23.jpg,C:\Users\ihver\Desktop\ay2023-2024-2nd-sem-cmsc190-sp2-ihvergara\images\dataset_CS\healthy_CS\healthy_val-55-_jpg.rf.7c38101620e7240266abca551dc5bc23 CS.jpg,0.13374
healthy_val-56-_jpg.rf.b26f2c7c25cee92447117e3e2fa7b178.jpg,C:\Users\ihver\Desktop\ay2023-2024-2nd-sem-cmsc190-sp2-ihvergara\images\dataset_CS\healthy_CS\healthy_val-56-_jpg.rf.b26f2c7c25cee92447117e3e2fa7b178 CS.jpg,0.11526
healthy_val-57-_jpg.rf.f90d8f7648a7f8fb2ce88515b7b6c1bb.jpg,C:\Users\ihver\Desktop\ay2023-2024-2nd-sem-cmsc190-sp2-ihvergara\images\dataset_CS\healthy_CS\healthy_val-57-_jpg.rf.f90d8f7648a7f8fb2ce88515b7b6c1bb CS.jpg,0.11108
healthy_val-58-_jpg.rf.ba6a0b40c0fec6d9dec0eaec2839da33.jpg,C:\Users\ihver\Desktop\ay2023-2024-2nd-sem-cmsc190-sp2-ihvergara\images\dataset_CS\healthy_CS\healthy_val-58-_jpg.rf.ba6a0b40c0fec6d9dec0eaec2839da33 CS.jpg,0.09674
healthy_val-59-_jpg.rf.42a6969f6496f55bb30e697d67f02023.jpg,C:\Users\ihver\Desktop\ay2023-2024-2nd-sem-cmsc190-sp2-ihvergara\images\dataset_CS\healthy_CS\healthy_val-59-_jpg.rf.42a6969f6496f55bb30e697d67f02023 CS.jpg,0.11200
healthy_val-6-_jpg.rf.af07dc17fadb2cad7e4739ee4ea5e697.jpg,C:\Users\ihver\Desktop\ay2023-2024-2nd-sem-cmsc190-sp2-ihvergara\images\dataset_CS\healthy_CS\healthy_val-6-_jpg.rf.af07dc17fadb2cad7e4739ee4ea5e697 CS.jpg,0.09561
healthy_val-60-_jpg.rf.1af5a729f73f4749a9bc731a30f0f939.jpg,C:\Users\ihver\Desktop\ay2023-2024-2nd-sem-cmsc190-sp2-ihvergara\images\dataset_CS\healthy_CS\healthy_val-60-_jpg.rf.1af5a729f73f4749a9bc731a30f0f939 CS.jpg,0.08542
healthy_val-61-_jpg.rf.1a05f0bebead1070adbc8724d718e7a1.jpg,C:\Users\ihver\Desktop\ay2023-2024-2nd-sem-cmsc190-sp2-ihvergara\images\dataset_CS\healthy_CS\healthy_val-61-_jpg.rf.1a05f0bebead1070adbc8724d718e7a1 CS.jpg,0.09567
healthy_val-62-_jpg.rf.d92317b71ce1abad641ac9ef1808f9f5.jpg,C:\Users\ihver\Desktop\ay2023-2024-2nd-sem-cmsc190-sp2-ihvergara\images\dataset_CS\healthy_CS\healthy_val-62-_jpg.rf.d92317b71ce1abad641ac9ef1808f9f5 CS.jpg,0.11119
healthy_val-63-_jpg.rf.3368c866c35144ea184426091047e1b9.jpg,C:\Users\ihver\Desktop\ay2023-2024-2nd-sem-cmsc190-sp2-ihvergara\images\dataset_CS\healthy_CS\healthy_val-63-_jpg.rf.3368c866c35144ea184426091047e1b9 CS.jpg,0.10825
healthy_val-64-_jpg.rf.d6cc8f5f886f5e9efd5eca6ca61a5d08.jpg,C:\Users\ihver\Desktop\ay2023-2024-2nd-sem-cmsc190-sp2-ihvergara\images\dataset_CS\healthy_CS\healthy_val-64-_jpg.rf.d6cc8f5f886f5e9efd5eca6ca61a5d08 CS.jpg,0.08337
healthy_val-65-_jpg.rf.b4aba8dae467b09e8b11415d566cfdba.jpg,C:\Users\ihver\Desktop\ay2023-2024-2nd-sem-cmsc190-sp2-ihvergara\images\dataset_CS\healthy_CS\healthy_val-65-_jpg.rf.b4aba8dae467b09e8b11415d566cfdba CS.jpg,0.08865
healthy_val-66-_jpg.rf.32a883ae0acd2a7630aae1ca8eda9f71.jpg,C:\Users\ihver\Desktop\ay2023-2024-2nd-sem-cmsc190-sp2-ihvergara\images\dataset_CS\healthy_CS\healthy_val-66-_jpg.rf.32a883ae0acd2a7630aae1ca8eda9f71 CS.jpg,0.11356
healthy_val-67-_jpg.rf.200280c81be092c96cae02a1926f8f3b.jpg,C:\Users\ihver\Desktop\ay2023-2024-2nd-sem-cmsc190-sp2-ihvergara\images\dataset_CS\healthy_CS\healthy_val-67-_jpg.rf.200280c81be092c96cae02a1926f8f3b CS.jpg,0.09063
healthy_val-68-_jpg.rf.f7925859599b69a26281487d890ef0e1.jpg,C:\Users\ihver\Desktop\ay2023-2024-2nd-sem-cmsc190-sp2-ihvergara\images\dataset_CS\healthy_CS\healthy_val-68-_jpg.rf.f7925859599b69a26281487d890ef0e1 CS.jpg,0.08766
healthy_val-69-_jpg.rf.b5ea9eeb11aedbfccb161370dfafd652.jpg,C:\Users\ihver\Desktop\ay2023-2024-2nd-sem-cmsc190-sp2-ihvergara\images\dataset_CS\healthy_CS\healthy_val-69-_jpg.rf.b5ea9eeb11aedbfccb161370dfafd652 CS.jpg,0.11296
healthy_val-7-_jpg.rf.e2aaaac75c6e851d80b77d75d5b94660.jpg,C:\Users\ihver\Desktop\ay2023-2024-2nd-sem-cmsc190-sp2-ihvergara\images\dataset_CS\healthy_CS\healthy_val-7-_jpg.rf.e2aaaac75c6e851d80b77d75d5b94660 CS.jpg,0.12027
healthy_val-70-_jpg.rf.87670ab51eda48345d0f7d8a118fd32f.jpg,C:\Users\ihver\Desktop\ay2023-2024-2nd-sem-cmsc190-sp2-ihvergara\images\dataset_CS\healthy_CS\healthy_val-70-_jpg.rf.87670ab51eda48345d0f7d8a118fd32f CS.jpg,0.09345
healthy_val-71-_jpg.rf.05b0d4c399c8ad675d2bb01d2cb5fbdc.jpg,C:\Users\ihver\Desktop\ay2023-2024-2nd-sem-cmsc190-sp2-ihvergara\images\dataset_CS\healthy_CS\healthy_val-71-_jpg.rf.05b0d4c399c8ad675d2bb01d2cb5fbdc CS.jpg,0.13592
healthy_val-72-_jpg.rf.20d98efbe6637c040c85c824bd815e4e.jpg,C:\Users\ihver\Desktop\ay2023-2024-2nd-sem-cmsc190-sp2-ihvergara\images\dataset_CS\healthy_CS\healthy_val-72-_jpg.rf.20d98efbe6637c040c85c824bd815e4e CS.jpg,0.12814
healthy_val-73-_jpg.rf.d83953382301564151100ac7089c4f85.jpg,C:\Users\ihver\Desktop\ay2023-2024-2nd-sem-cmsc190-sp2-ihvergara\images\dataset_CS\healthy_CS\healthy_val-73-_jpg.rf.d83953382301564151100ac7089c4f85 CS.jpg,0.11063
healthy_val-74-_jpg.rf.c43fa838b0ef6c1d1022fbd6f28c99d7.jpg,C:\Users\ihver\Desktop\ay2023-2024-2nd-sem-cmsc190-sp2-ihvergara\images\dataset_CS\healthy_CS\healthy_val-74-_jpg.rf.c43fa838b0ef6c1d1022fbd6f28c99d7 CS.jpg,0.12331
healthy_val-75-_jpg.rf.e129e1a2b0e2b1dfd5f87315beaaf5a9.jpg,C:\Users\ihver\Desktop\ay2023-2024-2nd-sem-cmsc190-sp2-ihvergara\images\dataset_CS\healthy_CS\healthy_val-75-_jpg.rf.e129e1a2b0e2b1dfd5f87315beaaf5a9 CS.jpg,0.11151
healthy_val-76-_jpg.rf.e1188405fecf9ff1cb764a938f650999.jpg,C:\Users\ihver\Desktop\ay2023-2024-2nd-sem-cmsc190-sp2-ihvergara\images\dataset_CS\healthy_CS\healthy_val-76-_jpg.rf.e1188405fecf9ff1cb764a938f650999 CS.jpg,0.09622
healthy_val-77-_jpg.rf.2d5c812d3ee1f76081db194102e23fcf.jpg,C:\Users\ihver\Desktop\ay2023-2024-2nd-sem-cmsc190-sp2-ihvergara\images\dataset_CS\healthy_CS\healthy_val-77-_jpg.rf.2d5c812d3ee1f76081db194102e23fcf CS.jpg,0.11137
healthy_val-78-_jpg.rf.f4a412ed3f5c8369561b23eb11057f30.jpg,C:\Users\ihver\Desktop\ay2023-2024-2nd-sem-cmsc190-sp2-ihvergara\images\dataset_CS\healthy_CS\healthy_val-78-_jpg.rf.f4a412ed3f5c8369561b23eb11057f30 CS.jpg,0.11208
healthy_val-79-_jpg.rf.dd87d12e6177080b175b46f924ae5d05.jpg,C:\Users\ihver\Desktop\ay2023-2024-2nd-sem-cmsc190-sp2-ihvergara\images\dataset_CS\healthy_CS\healthy_val-79-_jpg.rf.dd87d12e6177080b175b46f924ae5d05 CS.jpg,0.12289
healthy_val-8-_jpg.rf.1a2522edf35ddf313ae20af9773a3445.jpg,C:\Users\ihver\Desktop\ay2023-2024-2nd-sem-cmsc190-sp2-ihvergara\images\dataset_CS\healthy_CS\healthy_val-8-_jpg.rf.1a2522edf35ddf313ae20af9773a3445 CS.jpg,0.09778
healthy_val-80-_jpg.rf.ed5b1e3e54b32fbd17d06f0cb1d811a0.jpg,C:\Users\ihver\Desktop\ay2023-2024-2nd-sem-cmsc190-sp2-ihvergara\images\dataset_CS\healthy_CS\healthy_val-80-_jpg.rf.ed5b1e3e54b32fbd17d06f0cb1d811a0 CS.jpg,0.14099
healthy_val-81-_jpg.rf.16f55d1854e9e069d5325d93627ec5b7.jpg,C:\Users\ihver\Desktop\ay2023-2024-2nd-sem-cmsc190-sp2-ihvergara\images\dataset_CS\healthy_CS\healthy_val-81-_jpg.rf.16f55d1854e9e069d5325d93627ec5b7 CS.jpg,0.15636
healthy_val-82-_jpg.rf.889e5ff4c7a05130b3f8fd6e6c3637e2.jpg,C:\Users\ihver\Desktop\ay2023-2024-2nd-sem-cmsc190-sp2-ihvergara\images\dataset_CS\healthy_CS\healthy_val-82-_jpg.rf.889e5ff4c7a05130b3f8fd6e6c3637e2 CS.jpg,0.14269
healthy_val-83-_jpg.rf.93f00b0e5d1360bdba98ac7a778c83d0.jpg,C:\Users\ihver\Desktop\ay2023-2024-2nd-sem-cmsc190-sp2-ihvergara\images\dataset_CS\healthy_CS\healthy_val-83-_jpg.rf.93f00b0e5d1360bdba98ac7a778c83d0 CS.jpg,0.11608
healthy_val-84-_jpg.rf.f41a5907db6cdd84e37142035eb38f01.jpg,C:\Users\ihver\Desktop\ay2023-2024-2nd-sem-cmsc190-sp2-ihvergara\images\dataset_CS\healthy_CS\healthy_val-84-_jpg.rf.f41a5907db6cdd84e37142035eb38f01 CS.jpg,0.10679
healthy_val-85-_jpg.rf.8b1145b0f5db05be1bb631b7de0bb608.jpg,C:\Users\ihver\Desktop\ay2023-2024-2nd-sem-cmsc190-sp2-ihvergara\images\dataset_CS\healthy_CS\healthy_val-85-_jpg.rf.8b1145b0f5db05be1bb631b7de0bb608 CS.jpg,0.11251
healthy_val-86-_jpg.rf.011455cd0d4e99b19f0cab9886037596.jpg,C:\Users\ihver\Desktop\ay2023-2024-2nd-sem-cmsc190-sp2-ihvergara\images\dataset_CS\healthy_CS\healthy_val-86-_jpg.rf.011455cd0d4e99b19f0cab9886037596 CS.jpg,0.10245
healthy_val-87-_jpg.rf.d4cf658c7f4d53fe01ecdf3c5705b9b1.jpg,C:\Users\ihver\Desktop\ay2023-2024-2nd-sem-cmsc190-sp2-ihvergara\images\dataset_CS\healthy_CS\healthy_val-87-_jpg.rf.d4cf658c7f4d53fe01ecdf3c5705b9b1 CS.jpg,0.10585
healthy_val-88-_jpg.rf.a6db6cdc4eb4a40f0b0996bb122c7c87.jpg,C:\Users\ihver\Desktop\ay2023-2024-2nd-sem-cmsc190-sp2-ihvergara\images\dataset_CS\healthy_CS\healthy_val-88-_jpg.rf.a6db6cdc4eb4a40f0b0996bb122c7c87 CS.jpg,0.09890
healthy_val-9-_jpg.rf.cb94c7a1077e3bb5f72b206acad49de7.jpg,C:\Users\ihver\Desktop\ay2023-2024-2nd-sem-cmsc190-sp2-ihvergara\images\dataset_CS\healthy_CS\healthy_val-9-_jpg.rf.cb94c7a1077e3bb5f72b206acad49de7 CS.jpg,0.11897
