filename,processed_file,SSIM
leaf_blast-1-_jpg.rf.c77c8abaab3671557881617c9a33d029.jpg,C:\Users\ihver\Desktop\ay2023-2024-2nd-sem-cmsc190-sp2-ihvergara\images\dataset_HE_L\leaf_blast_HE_L\leaf_blast-1-_jpg.rf.c77c8abaab3671557881617c9a33d029 HE_L.jpg,0.2640
leaf_blast-10-_jpg.rf.04b65a0c707d72439f7b5e2dd18d9802.jpg,C:\Users\ihver\Desktop\ay2023-2024-2nd-sem-cmsc190-sp2-ihvergara\images\dataset_HE_L\leaf_blast_HE_L\leaf_blast-10-_jpg.rf.04b65a0c707d72439f7b5e2dd18d9802 HE_L.jpg,0.2856
leaf_blast-100-_jpg.rf.b6504163af325e54a3f97e31983c2059.jpg,C:\Users\ihver\Desktop\ay2023-2024-2nd-sem-cmsc190-sp2-ihvergara\images\dataset_HE_L\leaf_blast_HE_L\leaf_blast-100-_jpg.rf.b6504163af325e54a3f97e31983c2059 HE_L.jpg,0.4128
leaf_blast-101-_jpg.rf.f45a225f77e7e728dd6178c86f332e34.jpg,C:\Users\ihver\Desktop\ay2023-2024-2nd-sem-cmsc190-sp2-ihvergara\images\dataset_HE_L\leaf_blast_HE_L\leaf_blast-101-_jpg.rf.f45a225f77e7e728dd6178c86f332e34 HE_L.jpg,0.1580
leaf_blast-102-_jpg.rf.13e19017fba41a5544b080b70e1a2985.jpg,C:\Users\ihver\Desktop\ay2023-2024-2nd-sem-cmsc190-sp2-ihvergara\images\dataset_HE_L\leaf_blast_HE_L\leaf_blast-102-_jpg.rf.13e19017fba41a5544b080b70e1a2985 HE_L.jpg,0.1395
leaf_blast-103-_jpg.rf.4fd91f38864273c300658e44f261c9c9.jpg,C:\Users\ihver\Desktop\ay2023-2024-2nd-sem-cmsc190-sp2-ihvergara\images\dataset_HE_L\leaf_blast_HE_L\leaf_blast-103-_jpg.rf.4fd91f38864273c300658e44f261c9c9 HE_L.jpg,0.2555
leaf_blast-104-_jpg.rf.f25143d4e605afdda3a92c7d9f35684e.jpg,C:\Users\ihver\Desktop\ay2023-2024-2nd-sem-cmsc190-sp2-ihvergara\images\dataset_HE_L\leaf_blast_HE_L\leaf_blast-104-_jpg.rf.f25143d4e605afdda3a92c7d9f35684e HE_L.jpg,0.2657
leaf_blast-105-_jpg.rf.fb662a109fd0ba4566e69c187c6655c2.jpg,C:\Users\ihver\Desktop\ay2023-2024-2nd-sem-cmsc190-sp2-ihvergara\images\dataset_HE_L\leaf_blast_HE_L\leaf_blast-105-_jpg.rf.fb662a109fd0ba4566e69c187c6655c2 HE_L.jpg,0.8719
leaf_blast-106-_jpg.rf.410c690294a25dc10667f8a676f73ba4.jpg,C:\Users\ihver\Desktop\ay2023-2024-2nd-sem-cmsc190-sp2-ihvergara\images\dataset_HE_L\leaf_blast_HE_L\leaf_blast-106-_jpg.rf.410c690294a25dc10667f8a676f73ba4 HE_L.jpg,0.8546
leaf_blast-107-_jpg.rf.237497f809bdcdb71f19badd66b23865.jpg,C:\Users\ihver\Desktop\ay2023-2024-2nd-sem-cmsc190-sp2-ihvergara\images\dataset_HE_L\leaf_blast_HE_L\leaf_blast-107-_jpg.rf.237497f809bdcdb71f19badd66b23865 HE_L.jpg,0.8735
leaf_blast-108-_jpg.rf.8be8aee23cd909f1754f99d0e12099a4.jpg,C:\Users\ihver\Desktop\ay2023-2024-2nd-sem-cmsc190-sp2-ihvergara\images\dataset_HE_L\leaf_blast_HE_L\leaf_blast-108-_jpg.rf.8be8aee23cd909f1754f99d0e12099a4 HE_L.jpg,0.3068
leaf_blast-109-_jpg.rf.380c1dfa68539fe7ac201158ecdcc527.jpg,C:\Users\ihver\Desktop\ay2023-2024-2nd-sem-cmsc190-sp2-ihvergara\images\dataset_HE_L\leaf_blast_HE_L\leaf_blast-109-_jpg.rf.380c1dfa68539fe7ac201158ecdcc527 HE_L.jpg,0.4493
leaf_blast-11-_jpg.rf.e9e3cbf7e51e48ccfab77e721f3bebd1.jpg,C:\Users\ihver\Desktop\ay2023-2024-2nd-sem-cmsc190-sp2-ihvergara\images\dataset_HE_L\leaf_blast_HE_L\leaf_blast-11-_jpg.rf.e9e3cbf7e51e48ccfab77e721f3bebd1 HE_L.jpg,0.4948
leaf_blast-110-_jpg.rf.1fa596538b3a2882c9bad0f937b785ba.jpg,C:\Users\ihver\Desktop\ay2023-2024-2nd-sem-cmsc190-sp2-ihvergara\images\dataset_HE_L\leaf_blast_HE_L\leaf_blast-110-_jpg.rf.1fa596538b3a2882c9bad0f937b785ba HE_L.jpg,0.3665
leaf_blast-111-_jpg.rf.c18889e6c5f0b68ca18b3f22c0ece364.jpg,C:\Users\ihver\Desktop\ay2023-2024-2nd-sem-cmsc190-sp2-ihvergara\images\dataset_HE_L\leaf_blast_HE_L\leaf_blast-111-_jpg.rf.c18889e6c5f0b68ca18b3f22c0ece364 HE_L.jpg,0.4244
leaf_blast-112-_jpg.rf.7975ddd4c8c88fa4c5bdfe06c2e2cd5c.jpg,C:\Users\ihver\Desktop\ay2023-2024-2nd-sem-cmsc190-sp2-ihvergara\images\dataset_HE_L\leaf_blast_HE_L\leaf_blast-112-_jpg.rf.7975ddd4c8c88fa4c5bdfe06c2e2cd5c HE_L.jpg,0.3906
leaf_blast-113-_jpg.rf.11d2f9241851d5dab60b58277881eef5.jpg,C:\Users\ihver\Desktop\ay2023-2024-2nd-sem-cmsc190-sp2-ihvergara\images\dataset_HE_L\leaf_blast_HE_L\leaf_blast-113-_jpg.rf.11d2f9241851d5dab60b58277881eef5 HE_L.jpg,0.1798
leaf_blast-114-_jpg.rf.21b39b2225462459e14e669e4ceab0ae.jpg,C:\Users\ihver\Desktop\ay2023-2024-2nd-sem-cmsc190-sp2-ihvergara\images\dataset_HE_L\leaf_blast_HE_L\leaf_blast-114-_jpg.rf.21b39b2225462459e14e669e4ceab0ae HE_L.jpg,0.3574
leaf_blast-115-_jpg.rf.a692a4809daff77f561108d93543cb21.jpg,C:\Users\ihver\Desktop\ay2023-2024-2nd-sem-cmsc190-sp2-ihvergara\images\dataset_HE_L\leaf_blast_HE_L\leaf_blast-115-_jpg.rf.a692a4809daff77f561108d93543cb21 HE_L.jpg,0.1930
leaf_blast-116-_jpg.rf.de587f2144348f3941543a3e9993e9f3.jpg,C:\Users\ihver\Desktop\ay2023-2024-2nd-sem-cmsc190-sp2-ihvergara\images\dataset_HE_L\leaf_blast_HE_L\leaf_blast-116-_jpg.rf.de587f2144348f3941543a3e9993e9f3 HE_L.jpg,0.3664
leaf_blast-117-_jpg.rf.0c8b6cf42b112da6d0cf71198618a51f.jpg,C:\Users\ihver\Desktop\ay2023-2024-2nd-sem-cmsc190-sp2-ihvergara\images\dataset_HE_L\leaf_blast_HE_L\leaf_blast-117-_jpg.rf.0c8b6cf42b112da6d0cf71198618a51f HE_L.jpg,0.1758
leaf_blast-118-_jpg.rf.103f74350113c87342cbfeb9c98cb013.jpg,C:\Users\ihver\Desktop\ay2023-2024-2nd-sem-cmsc190-sp2-ihvergara\images\dataset_HE_L\leaf_blast_HE_L\leaf_blast-118-_jpg.rf.103f74350113c87342cbfeb9c98cb013 HE_L.jpg,0.2056
leaf_blast-119-_jpg.rf.2cf4a086ccc915ee56147eb49f43b3ed.jpg,C:\Users\ihver\Desktop\ay2023-2024-2nd-sem-cmsc190-sp2-ihvergara\images\dataset_HE_L\leaf_blast_HE_L\leaf_blast-119-_jpg.rf.2cf4a086ccc915ee56147eb49f43b3ed HE_L.jpg,0.8557
leaf_blast-12-_jpg.rf.f21e978a30701da63736f43e9ff0cc1e.jpg,C:\Users\ihver\Desktop\ay2023-2024-2nd-sem-cmsc190-sp2-ihvergara\images\dataset_HE_L\leaf_blast_HE_L\leaf_blast-12-_jpg.rf.f21e978a30701da63736f43e9ff0cc1e HE_L.jpg,0.3494
leaf_blast-120-_jpg.rf.fd3617388acc00f7e369396f78da462f.jpg,C:\Users\ihver\Desktop\ay2023-2024-2nd-sem-cmsc190-sp2-ihvergara\images\dataset_HE_L\leaf_blast_HE_L\leaf_blast-120-_jpg.rf.fd3617388acc00f7e369396f78da462f HE_L.jpg,0.8883
leaf_blast-121-_jpg.rf.36f4bf47265144e663f5d66863cdb6f5.jpg,C:\Users\ihver\Desktop\ay2023-2024-2nd-sem-cmsc190-sp2-ihvergara\images\dataset_HE_L\leaf_blast_HE_L\leaf_blast-121-_jpg.rf.36f4bf47265144e663f5d66863cdb6f5 HE_L.jpg,0.8499
leaf_blast-123-_jpg.rf.f0e6b2b7129bd93832f862892afbc7bf.jpg,C:\Users\ihver\Desktop\ay2023-2024-2nd-sem-cmsc190-sp2-ihvergara\images\dataset_HE_L\leaf_blast_HE_L\leaf_blast-123-_jpg.rf.f0e6b2b7129bd93832f862892afbc7bf HE_L.jpg,0.9008
leaf_blast-124-_jpg.rf.566fa478e10437fc2f8969966d15bd62.jpg,C:\Users\ihver\Desktop\ay2023-2024-2nd-sem-cmsc190-sp2-ihvergara\images\dataset_HE_L\leaf_blast_HE_L\leaf_blast-124-_jpg.rf.566fa478e10437fc2f8969966d15bd62 HE_L.jpg,0.8654
leaf_blast-125-_jpg.rf.e68552c3d53a040b22e127b796680b3f.jpg,C:\Users\ihver\Desktop\ay2023-2024-2nd-sem-cmsc190-sp2-ihvergara\images\dataset_HE_L\leaf_blast_HE_L\leaf_blast-125-_jpg.rf.e68552c3d53a040b22e127b796680b3f HE_L.jpg,0.8870
leaf_blast-126-_jpg.rf.3e7c68bf9b00378828e8c6637474cc3e.jpg,C:\Users\ihver\Desktop\ay2023-2024-2nd-sem-cmsc190-sp2-ihvergara\images\dataset_HE_L\leaf_blast_HE_L\leaf_blast-126-_jpg.rf.3e7c68bf9b00378828e8c6637474cc3e HE_L.jpg,0.8347
leaf_blast-127-_jpg.rf.59d318fc54266c02b1d62b5090c758a5.jpg,C:\Users\ihver\Desktop\ay2023-2024-2nd-sem-cmsc190-sp2-ihvergara\images\dataset_HE_L\leaf_blast_HE_L\leaf_blast-127-_jpg.rf.59d318fc54266c02b1d62b5090c758a5 HE_L.jpg,0.7670
leaf_blast-128-_jpg.rf.dc0fb2bb28e690821e4d8d9a2726bf6c.jpg,C:\Users\ihver\Desktop\ay2023-2024-2nd-sem-cmsc190-sp2-ihvergara\images\dataset_HE_L\leaf_blast_HE_L\leaf_blast-128-_jpg.rf.dc0fb2bb28e690821e4d8d9a2726bf6c HE_L.jpg,0.7500
leaf_blast-129-_jpg.rf.ead55c8ba4e03e55ffce581c37134674.jpg,C:\Users\ihver\Desktop\ay2023-2024-2nd-sem-cmsc190-sp2-ihvergara\images\dataset_HE_L\leaf_blast_HE_L\leaf_blast-129-_jpg.rf.ead55c8ba4e03e55ffce581c37134674 HE_L.jpg,0.8893
leaf_blast-13-_jpg.rf.d18bf39914855a6d6cc77b8c09035d48.jpg,C:\Users\ihver\Desktop\ay2023-2024-2nd-sem-cmsc190-sp2-ihvergara\images\dataset_HE_L\leaf_blast_HE_L\leaf_blast-13-_jpg.rf.d18bf39914855a6d6cc77b8c09035d48 HE_L.jpg,0.8481
leaf_blast-130-_jpg.rf.f3b42884f3c78ac83d4708f196e348ec.jpg,C:\Users\ihver\Desktop\ay2023-2024-2nd-sem-cmsc190-sp2-ihvergara\images\dataset_HE_L\leaf_blast_HE_L\leaf_blast-130-_jpg.rf.f3b42884f3c78ac83d4708f196e348ec HE_L.jpg,0.7576
leaf_blast-131-_jpg.rf.258df6ee75b9240220612c47a0742085.jpg,C:\Users\ihver\Desktop\ay2023-2024-2nd-sem-cmsc190-sp2-ihvergara\images\dataset_HE_L\leaf_blast_HE_L\leaf_blast-131-_jpg.rf.258df6ee75b9240220612c47a0742085 HE_L.jpg,0.8483
leaf_blast-132-_jpg.rf.d8439ac377c26800781ff72b3701a21a.jpg,C:\Users\ihver\Desktop\ay2023-2024-2nd-sem-cmsc190-sp2-ihvergara\images\dataset_HE_L\leaf_blast_HE_L\leaf_blast-132-_jpg.rf.d8439ac377c26800781ff72b3701a21a HE_L.jpg,0.8593
leaf_blast-133-_jpg.rf.3b1c33ad521eb2f63c14eb97ed1f3fee.jpg,C:\Users\ihver\Desktop\ay2023-2024-2nd-sem-cmsc190-sp2-ihvergara\images\dataset_HE_L\leaf_blast_HE_L\leaf_blast-133-_jpg.rf.3b1c33ad521eb2f63c14eb97ed1f3fee HE_L.jpg,0.8753
leaf_blast-134-_jpg.rf.b4355a7f8595f66b970d1d6edf7183fe.jpg,C:\Users\ihver\Desktop\ay2023-2024-2nd-sem-cmsc190-sp2-ihvergara\images\dataset_HE_L\leaf_blast_HE_L\leaf_blast-134-_jpg.rf.b4355a7f8595f66b970d1d6edf7183fe HE_L.jpg,0.9017
leaf_blast-135-_jpg.rf.84e33c899231d7c72bbeb6df35320bd6.jpg,C:\Users\ihver\Desktop\ay2023-2024-2nd-sem-cmsc190-sp2-ihvergara\images\dataset_HE_L\leaf_blast_HE_L\leaf_blast-135-_jpg.rf.84e33c899231d7c72bbeb6df35320bd6 HE_L.jpg,0.7073
leaf_blast-136-_jpg.rf.7582e0c7abafb1fb1907a50b3775639b.jpg,C:\Users\ihver\Desktop\ay2023-2024-2nd-sem-cmsc190-sp2-ihvergara\images\dataset_HE_L\leaf_blast_HE_L\leaf_blast-136-_jpg.rf.7582e0c7abafb1fb1907a50b3775639b HE_L.jpg,0.8717
leaf_blast-137-_jpg.rf.3620660a32d0daea11e4981dc0f0ec86.jpg,C:\Users\ihver\Desktop\ay2023-2024-2nd-sem-cmsc190-sp2-ihvergara\images\dataset_HE_L\leaf_blast_HE_L\leaf_blast-137-_jpg.rf.3620660a32d0daea11e4981dc0f0ec86 HE_L.jpg,0.8731
leaf_blast-138-_jpg.rf.509aac456825288b6e0e898b647c03c8.jpg,C:\Users\ihver\Desktop\ay2023-2024-2nd-sem-cmsc190-sp2-ihvergara\images\dataset_HE_L\leaf_blast_HE_L\leaf_blast-138-_jpg.rf.509aac456825288b6e0e898b647c03c8 HE_L.jpg,0.8888
leaf_blast-139-_jpg.rf.da23fda0a3ef9a3977de9a7373e430ff.jpg,C:\Users\ihver\Desktop\ay2023-2024-2nd-sem-cmsc190-sp2-ihvergara\images\dataset_HE_L\leaf_blast_HE_L\leaf_blast-139-_jpg.rf.da23fda0a3ef9a3977de9a7373e430ff HE_L.jpg,0.8501
leaf_blast-14-_jpg.rf.5470ae07b11af0598c50a1a833f57531.jpg,C:\Users\ihver\Desktop\ay2023-2024-2nd-sem-cmsc190-sp2-ihvergara\images\dataset_HE_L\leaf_blast_HE_L\leaf_blast-14-_jpg.rf.5470ae07b11af0598c50a1a833f57531 HE_L.jpg,0.7071
leaf_blast-141-_jpg.rf.43e713f7ca611303a18f4928bfc3b3c9.jpg,C:\Users\ihver\Desktop\ay2023-2024-2nd-sem-cmsc190-sp2-ihvergara\images\dataset_HE_L\leaf_blast_HE_L\leaf_blast-141-_jpg.rf.43e713f7ca611303a18f4928bfc3b3c9 HE_L.jpg,0.8878
leaf_blast-142-_jpg.rf.ccf8b731e2b4e2433cda4b086e1044c7.jpg,C:\Users\ihver\Desktop\ay2023-2024-2nd-sem-cmsc190-sp2-ihvergara\images\dataset_HE_L\leaf_blast_HE_L\leaf_blast-142-_jpg.rf.ccf8b731e2b4e2433cda4b086e1044c7 HE_L.jpg,0.8347
leaf_blast-143-_jpg.rf.2dbd83ed244b41ff0fc480a6dd029c1f.jpg,C:\Users\ihver\Desktop\ay2023-2024-2nd-sem-cmsc190-sp2-ihvergara\images\dataset_HE_L\leaf_blast_HE_L\leaf_blast-143-_jpg.rf.2dbd83ed244b41ff0fc480a6dd029c1f HE_L.jpg,0.7532
leaf_blast-144-_jpg.rf.6233c7a6ee2587a4ab3bdecabb514ac4.jpg,C:\Users\ihver\Desktop\ay2023-2024-2nd-sem-cmsc190-sp2-ihvergara\images\dataset_HE_L\leaf_blast_HE_L\leaf_blast-144-_jpg.rf.6233c7a6ee2587a4ab3bdecabb514ac4 HE_L.jpg,0.8915
leaf_blast-145-_jpg.rf.e460c08f32edc6de923f08af555af725.jpg,C:\Users\ihver\Desktop\ay2023-2024-2nd-sem-cmsc190-sp2-ihvergara\images\dataset_HE_L\leaf_blast_HE_L\leaf_blast-145-_jpg.rf.e460c08f32edc6de923f08af555af725 HE_L.jpg,0.7594
leaf_blast-146-_jpg.rf.758c49b317cfe80324088b9b063a8394.jpg,C:\Users\ihver\Desktop\ay2023-2024-2nd-sem-cmsc190-sp2-ihvergara\images\dataset_HE_L\leaf_blast_HE_L\leaf_blast-146-_jpg.rf.758c49b317cfe80324088b9b063a8394 HE_L.jpg,0.8315
leaf_blast-147-_jpg.rf.67491f20992fe7dbfd487efdf02c280c.jpg,C:\Users\ihver\Desktop\ay2023-2024-2nd-sem-cmsc190-sp2-ihvergara\images\dataset_HE_L\leaf_blast_HE_L\leaf_blast-147-_jpg.rf.67491f20992fe7dbfd487efdf02c280c HE_L.jpg,0.7531
leaf_blast-148-_jpg.rf.0ee7019f4afed583487dded08551b42d.jpg,C:\Users\ihver\Desktop\ay2023-2024-2nd-sem-cmsc190-sp2-ihvergara\images\dataset_HE_L\leaf_blast_HE_L\leaf_blast-148-_jpg.rf.0ee7019f4afed583487dded08551b42d HE_L.jpg,0.8895
leaf_blast-15-_jpg.rf.101fb7063112fcd90b07d7c278186dcc.jpg,C:\Users\ihver\Desktop\ay2023-2024-2nd-sem-cmsc190-sp2-ihvergara\images\dataset_HE_L\leaf_blast_HE_L\leaf_blast-15-_jpg.rf.101fb7063112fcd90b07d7c278186dcc HE_L.jpg,0.6013
leaf_blast-150-_jpg.rf.452570ab28e6761fc6eea4750941238c.jpg,C:\Users\ihver\Desktop\ay2023-2024-2nd-sem-cmsc190-sp2-ihvergara\images\dataset_HE_L\leaf_blast_HE_L\leaf_blast-150-_jpg.rf.452570ab28e6761fc6eea4750941238c HE_L.jpg,0.8507
leaf_blast-152-_jpg.rf.a2ed30f877bf8ced5575255094ccd5bb.jpg,C:\Users\ihver\Desktop\ay2023-2024-2nd-sem-cmsc190-sp2-ihvergara\images\dataset_HE_L\leaf_blast_HE_L\leaf_blast-152-_jpg.rf.a2ed30f877bf8ced5575255094ccd5bb HE_L.jpg,0.9002
leaf_blast-153-_jpg.rf.d6415b5fe6b846d6b69f3b5c699c882e.jpg,C:\Users\ihver\Desktop\ay2023-2024-2nd-sem-cmsc190-sp2-ihvergara\images\dataset_HE_L\leaf_blast_HE_L\leaf_blast-153-_jpg.rf.d6415b5fe6b846d6b69f3b5c699c882e HE_L.jpg,0.8302
leaf_blast-154-_jpg.rf.7845802f9bd72e49b6d46c8b6d6488d9.jpg,C:\Users\ihver\Desktop\ay2023-2024-2nd-sem-cmsc190-sp2-ihvergara\images\dataset_HE_L\leaf_blast_HE_L\leaf_blast-154-_jpg.rf.7845802f9bd72e49b6d46c8b6d6488d9 HE_L.jpg,0.1860
leaf_blast-155-_jpg.rf.b8d7ab6476854d45c6d9df6ac490ce0d.jpg,C:\Users\ihver\Desktop\ay2023-2024-2nd-sem-cmsc190-sp2-ihvergara\images\dataset_HE_L\leaf_blast_HE_L\leaf_blast-155-_jpg.rf.b8d7ab6476854d45c6d9df6ac490ce0d HE_L.jpg,0.4317
leaf_blast-156-_jpg.rf.ca99933da1594ba0cf65fa19522bdf65.jpg,C:\Users\ihver\Desktop\ay2023-2024-2nd-sem-cmsc190-sp2-ihvergara\images\dataset_HE_L\leaf_blast_HE_L\leaf_blast-156-_jpg.rf.ca99933da1594ba0cf65fa19522bdf65 HE_L.jpg,0.4832
leaf_blast-157-_jpg.rf.de27b5b2b3db2aa78f759c6853e03bec.jpg,C:\Users\ihver\Desktop\ay2023-2024-2nd-sem-cmsc190-sp2-ihvergara\images\dataset_HE_L\leaf_blast_HE_L\leaf_blast-157-_jpg.rf.de27b5b2b3db2aa78f759c6853e03bec HE_L.jpg,0.6072
leaf_blast-158-_jpg.rf.b55e45bd401f7d595c57afc04e8ffa18.jpg,C:\Users\ihver\Desktop\ay2023-2024-2nd-sem-cmsc190-sp2-ihvergara\images\dataset_HE_L\leaf_blast_HE_L\leaf_blast-158-_jpg.rf.b55e45bd401f7d595c57afc04e8ffa18 HE_L.jpg,0.3573
leaf_blast-159-_jpg.rf.6a4542d934f854b0e05712034bb71899.jpg,C:\Users\ihver\Desktop\ay2023-2024-2nd-sem-cmsc190-sp2-ihvergara\images\dataset_HE_L\leaf_blast_HE_L\leaf_blast-159-_jpg.rf.6a4542d934f854b0e05712034bb71899 HE_L.jpg,0.3480
leaf_blast-16-_jpg.rf.062a0dd21de4a9084739d4fd770fdbe5.jpg,C:\Users\ihver\Desktop\ay2023-2024-2nd-sem-cmsc190-sp2-ihvergara\images\dataset_HE_L\leaf_blast_HE_L\leaf_blast-16-_jpg.rf.062a0dd21de4a9084739d4fd770fdbe5 HE_L.jpg,0.7175
leaf_blast-160-_jpg.rf.c6fdf3d3de13e4399d43ce608e10ad03.jpg,C:\Users\ihver\Desktop\ay2023-2024-2nd-sem-cmsc190-sp2-ihvergara\images\dataset_HE_L\leaf_blast_HE_L\leaf_blast-160-_jpg.rf.c6fdf3d3de13e4399d43ce608e10ad03 HE_L.jpg,0.4418
leaf_blast-161-_jpg.rf.1c27f335a9a00c1ca87c514503890be1.jpg,C:\Users\ihver\Desktop\ay2023-2024-2nd-sem-cmsc190-sp2-ihvergara\images\dataset_HE_L\leaf_blast_HE_L\leaf_blast-161-_jpg.rf.1c27f335a9a00c1ca87c514503890be1 HE_L.jpg,0.4542
leaf_blast-162-_jpg.rf.5d1d431d9850d8614349389634a39a48.jpg,C:\Users\ihver\Desktop\ay2023-2024-2nd-sem-cmsc190-sp2-ihvergara\images\dataset_HE_L\leaf_blast_HE_L\leaf_blast-162-_jpg.rf.5d1d431d9850d8614349389634a39a48 HE_L.jpg,0.2024
leaf_blast-163-_jpg.rf.b821ec24ff38666d144d4f3ab4f2ee19.jpg,C:\Users\ihver\Desktop\ay2023-2024-2nd-sem-cmsc190-sp2-ihvergara\images\dataset_HE_L\leaf_blast_HE_L\leaf_blast-163-_jpg.rf.b821ec24ff38666d144d4f3ab4f2ee19 HE_L.jpg,0.4152
leaf_blast-164-_jpg.rf.0931e70f545c0d0b89874a8cf3f8a427.jpg,C:\Users\ihver\Desktop\ay2023-2024-2nd-sem-cmsc190-sp2-ihvergara\images\dataset_HE_L\leaf_blast_HE_L\leaf_blast-164-_jpg.rf.0931e70f545c0d0b89874a8cf3f8a427 HE_L.jpg,0.2903
leaf_blast-165-_jpg.rf.2c52202ca8ef6542c1c6cfcfe658e95d.jpg,C:\Users\ihver\Desktop\ay2023-2024-2nd-sem-cmsc190-sp2-ihvergara\images\dataset_HE_L\leaf_blast_HE_L\leaf_blast-165-_jpg.rf.2c52202ca8ef6542c1c6cfcfe658e95d HE_L.jpg,0.3513
leaf_blast-166-_jpg.rf.408708ee8474ed0663a9c526e4226015.jpg,C:\Users\ihver\Desktop\ay2023-2024-2nd-sem-cmsc190-sp2-ihvergara\images\dataset_HE_L\leaf_blast_HE_L\leaf_blast-166-_jpg.rf.408708ee8474ed0663a9c526e4226015 HE_L.jpg,0.3498
leaf_blast-167-_jpg.rf.818aa35fee3dc03d58118aad4bd45de0.jpg,C:\Users\ihver\Desktop\ay2023-2024-2nd-sem-cmsc190-sp2-ihvergara\images\dataset_HE_L\leaf_blast_HE_L\leaf_blast-167-_jpg.rf.818aa35fee3dc03d58118aad4bd45de0 HE_L.jpg,0.6631
leaf_blast-168-_jpg.rf.d06cd41e5d80a391f3ce8a7de9be9a4b.jpg,C:\Users\ihver\Desktop\ay2023-2024-2nd-sem-cmsc190-sp2-ihvergara\images\dataset_HE_L\leaf_blast_HE_L\leaf_blast-168-_jpg.rf.d06cd41e5d80a391f3ce8a7de9be9a4b HE_L.jpg,0.6447
leaf_blast-169-_jpg.rf.6616cd65ed2e163eaa42c0a80fac1e35.jpg,C:\Users\ihver\Desktop\ay2023-2024-2nd-sem-cmsc190-sp2-ihvergara\images\dataset_HE_L\leaf_blast_HE_L\leaf_blast-169-_jpg.rf.6616cd65ed2e163eaa42c0a80fac1e35 HE_L.jpg,0.4694
leaf_blast-17-_jpg.rf.6dca247dc41bfe9e5188dac6b6daf9d6.jpg,C:\Users\ihver\Desktop\ay2023-2024-2nd-sem-cmsc190-sp2-ihvergara\images\dataset_HE_L\leaf_blast_HE_L\leaf_blast-17-_jpg.rf.6dca247dc41bfe9e5188dac6b6daf9d6 HE_L.jpg,0.5166
leaf_blast-170-_jpg.rf.b33248ab80ff961db6ef973b2f044a8e.jpg,C:\Users\ihver\Desktop\ay2023-2024-2nd-sem-cmsc190-sp2-ihvergara\images\dataset_HE_L\leaf_blast_HE_L\leaf_blast-170-_jpg.rf.b33248ab80ff961db6ef973b2f044a8e HE_L.jpg,0.3167
leaf_blast-171-_jpg.rf.14f6ac6637668fa31cff1d88d23088d3.jpg,C:\Users\ihver\Desktop\ay2023-2024-2nd-sem-cmsc190-sp2-ihvergara\images\dataset_HE_L\leaf_blast_HE_L\leaf_blast-171-_jpg.rf.14f6ac6637668fa31cff1d88d23088d3 HE_L.jpg,0.5509
leaf_blast-172-_jpg.rf.9ba93dbb4d150caa0bfd27c719eeebe0.jpg,C:\Users\ihver\Desktop\ay2023-2024-2nd-sem-cmsc190-sp2-ihvergara\images\dataset_HE_L\leaf_blast_HE_L\leaf_blast-172-_jpg.rf.9ba93dbb4d150caa0bfd27c719eeebe0 HE_L.jpg,0.4580
leaf_blast-173-_jpg.rf.b93b0ce71a559c186418724bf63d588d.jpg,C:\Users\ihver\Desktop\ay2023-2024-2nd-sem-cmsc190-sp2-ihvergara\images\dataset_HE_L\leaf_blast_HE_L\leaf_blast-173-_jpg.rf.b93b0ce71a559c186418724bf63d588d HE_L.jpg,0.4291
leaf_blast-174-_jpg.rf.8134a3fdbb34717bb56e235e7b6f1a37.jpg,C:\Users\ihver\Desktop\ay2023-2024-2nd-sem-cmsc190-sp2-ihvergara\images\dataset_HE_L\leaf_blast_HE_L\leaf_blast-174-_jpg.rf.8134a3fdbb34717bb56e235e7b6f1a37 HE_L.jpg,0.5251
leaf_blast-175-_jpg.rf.23f342a66a5a5c2aae7dd8fc18183300.jpg,C:\Users\ihver\Desktop\ay2023-2024-2nd-sem-cmsc190-sp2-ihvergara\images\dataset_HE_L\leaf_blast_HE_L\leaf_blast-175-_jpg.rf.23f342a66a5a5c2aae7dd8fc18183300 HE_L.jpg,0.3866
leaf_blast-176-_jpg.rf.8bbd0275689ae30e6a0df16436391e21.jpg,C:\Users\ihver\Desktop\ay2023-2024-2nd-sem-cmsc190-sp2-ihvergara\images\dataset_HE_L\leaf_blast_HE_L\leaf_blast-176-_jpg.rf.8bbd0275689ae30e6a0df16436391e21 HE_L.jpg,0.5856
leaf_blast-177-_jpg.rf.28e425bea0b021dcf96bc99d0611fd09.jpg,C:\Users\ihver\Desktop\ay2023-2024-2nd-sem-cmsc190-sp2-ihvergara\images\dataset_HE_L\leaf_blast_HE_L\leaf_blast-177-_jpg.rf.28e425bea0b021dcf96bc99d0611fd09 HE_L.jpg,0.6462
leaf_blast-178-_jpg.rf.d0ed87d682d2a2e817ca2cd29de08161.jpg,C:\Users\ihver\Desktop\ay2023-2024-2nd-sem-cmsc190-sp2-ihvergara\images\dataset_HE_L\leaf_blast_HE_L\leaf_blast-178-_jpg.rf.d0ed87d682d2a2e817ca2cd29de08161 HE_L.jpg,0.6301
leaf_blast-179-_jpg.rf.6555bdeac70740af49956e90d91a37c0.jpg,C:\Users\ihver\Desktop\ay2023-2024-2nd-sem-cmsc190-sp2-ihvergara\images\dataset_HE_L\leaf_blast_HE_L\leaf_blast-179-_jpg.rf.6555bdeac70740af49956e90d91a37c0 HE_L.jpg,0.2976
leaf_blast-18-_jpg.rf.20eab553ee2d26c347ae9f0f342a1601.jpg,C:\Users\ihver\Desktop\ay2023-2024-2nd-sem-cmsc190-sp2-ihvergara\images\dataset_HE_L\leaf_blast_HE_L\leaf_blast-18-_jpg.rf.20eab553ee2d26c347ae9f0f342a1601 HE_L.jpg,0.2743
leaf_blast-180-_jpg.rf.e687918c666cee7be437d38dcb90c085.jpg,C:\Users\ihver\Desktop\ay2023-2024-2nd-sem-cmsc190-sp2-ihvergara\images\dataset_HE_L\leaf_blast_HE_L\leaf_blast-180-_jpg.rf.e687918c666cee7be437d38dcb90c085 HE_L.jpg,0.5916
leaf_blast-181-_jpg.rf.cb8cbc826e176b709c5aef752c3b016a.jpg,C:\Users\ihver\Desktop\ay2023-2024-2nd-sem-cmsc190-sp2-ihvergara\images\dataset_HE_L\leaf_blast_HE_L\leaf_blast-181-_jpg.rf.cb8cbc826e176b709c5aef752c3b016a HE_L.jpg,0.5594
leaf_blast-182-_jpg.rf.3187f2aa675ac8f0f2ffacb62cb2d520.jpg,C:\Users\ihver\Desktop\ay2023-2024-2nd-sem-cmsc190-sp2-ihvergara\images\dataset_HE_L\leaf_blast_HE_L\leaf_blast-182-_jpg.rf.3187f2aa675ac8f0f2ffacb62cb2d520 HE_L.jpg,0.6586
leaf_blast-183-_jpg.rf.05ba159ee5e9d2fd9b00cc9ca527b6ef.jpg,C:\Users\ihver\Desktop\ay2023-2024-2nd-sem-cmsc190-sp2-ihvergara\images\dataset_HE_L\leaf_blast_HE_L\leaf_blast-183-_jpg.rf.05ba159ee5e9d2fd9b00cc9ca527b6ef HE_L.jpg,0.6783
leaf_blast-184-_jpg.rf.c1a98c6d811642925345fc441167acf8.jpg,C:\Users\ihver\Desktop\ay2023-2024-2nd-sem-cmsc190-sp2-ihvergara\images\dataset_HE_L\leaf_blast_HE_L\leaf_blast-184-_jpg.rf.c1a98c6d811642925345fc441167acf8 HE_L.jpg,0.5193
leaf_blast-185-_jpg.rf.aaf784947eb09dc6368576d9ecb110c0.jpg,C:\Users\ihver\Desktop\ay2023-2024-2nd-sem-cmsc190-sp2-ihvergara\images\dataset_HE_L\leaf_blast_HE_L\leaf_blast-185-_jpg.rf.aaf784947eb09dc6368576d9ecb110c0 HE_L.jpg,0.1311
leaf_blast-186-_jpg.rf.84a834547146899e2aa61638eacec0c9.jpg,C:\Users\ihver\Desktop\ay2023-2024-2nd-sem-cmsc190-sp2-ihvergara\images\dataset_HE_L\leaf_blast_HE_L\leaf_blast-186-_jpg.rf.84a834547146899e2aa61638eacec0c9 HE_L.jpg,0.1644
leaf_blast-187-_jpg.rf.37d9efef3e4258dcf7b327ed24228c34.jpg,C:\Users\ihver\Desktop\ay2023-2024-2nd-sem-cmsc190-sp2-ihvergara\images\dataset_HE_L\leaf_blast_HE_L\leaf_blast-187-_jpg.rf.37d9efef3e4258dcf7b327ed24228c34 HE_L.jpg,0.2147
leaf_blast-188-_jpg.rf.c5ee0d7ecc7bbc062202c776915c1d39.jpg,C:\Users\ihver\Desktop\ay2023-2024-2nd-sem-cmsc190-sp2-ihvergara\images\dataset_HE_L\leaf_blast_HE_L\leaf_blast-188-_jpg.rf.c5ee0d7ecc7bbc062202c776915c1d39 HE_L.jpg,0.1898
leaf_blast-189-_jpg.rf.75a09a80c60b9b1d8be0b6c06f764e3f.jpg,C:\Users\ihver\Desktop\ay2023-2024-2nd-sem-cmsc190-sp2-ihvergara\images\dataset_HE_L\leaf_blast_HE_L\leaf_blast-189-_jpg.rf.75a09a80c60b9b1d8be0b6c06f764e3f HE_L.jpg,0.8544
leaf_blast-19-_jpg.rf.d928dbfeec551272e48b8ebbd7949ab7.jpg,C:\Users\ihver\Desktop\ay2023-2024-2nd-sem-cmsc190-sp2-ihvergara\images\dataset_HE_L\leaf_blast_HE_L\leaf_blast-19-_jpg.rf.d928dbfeec551272e48b8ebbd7949ab7 HE_L.jpg,0.2744
leaf_blast-190-_jpg.rf.34dbca09220a4a9ffe61cb4d39fa0f0e.jpg,C:\Users\ihver\Desktop\ay2023-2024-2nd-sem-cmsc190-sp2-ihvergara\images\dataset_HE_L\leaf_blast_HE_L\leaf_blast-190-_jpg.rf.34dbca09220a4a9ffe61cb4d39fa0f0e HE_L.jpg,0.2134
leaf_blast-191-_jpg.rf.cea182a4b4a28f5a5d80ef22eaba5da0.jpg,C:\Users\ihver\Desktop\ay2023-2024-2nd-sem-cmsc190-sp2-ihvergara\images\dataset_HE_L\leaf_blast_HE_L\leaf_blast-191-_jpg.rf.cea182a4b4a28f5a5d80ef22eaba5da0 HE_L.jpg,0.1911
leaf_blast-192-_jpg.rf.26b8271c0335c2ce322e1afff5ef1349.jpg,C:\Users\ihver\Desktop\ay2023-2024-2nd-sem-cmsc190-sp2-ihvergara\images\dataset_HE_L\leaf_blast_HE_L\leaf_blast-192-_jpg.rf.26b8271c0335c2ce322e1afff5ef1349 HE_L.jpg,0.8321
leaf_blast-193-_jpg.rf.abe3b5f14bcf6914d155adf8203eccb7.jpg,C:\Users\ihver\Desktop\ay2023-2024-2nd-sem-cmsc190-sp2-ihvergara\images\dataset_HE_L\leaf_blast_HE_L\leaf_blast-193-_jpg.rf.abe3b5f14bcf6914d155adf8203eccb7 HE_L.jpg,0.7534
leaf_blast-194-_jpg.rf.a12511e8a649b052e54bb26547dfb002.jpg,C:\Users\ihver\Desktop\ay2023-2024-2nd-sem-cmsc190-sp2-ihvergara\images\dataset_HE_L\leaf_blast_HE_L\leaf_blast-194-_jpg.rf.a12511e8a649b052e54bb26547dfb002 HE_L.jpg,0.8895
leaf_blast-196-_jpg.rf.fc67a8e68f57b26a140c811c276684d8.jpg,C:\Users\ihver\Desktop\ay2023-2024-2nd-sem-cmsc190-sp2-ihvergara\images\dataset_HE_L\leaf_blast_HE_L\leaf_blast-196-_jpg.rf.fc67a8e68f57b26a140c811c276684d8 HE_L.jpg,0.3008
leaf_blast-197-_jpg.rf.8a46cf1e9d5c3eac544d5567ce88ddb8.jpg,C:\Users\ihver\Desktop\ay2023-2024-2nd-sem-cmsc190-sp2-ihvergara\images\dataset_HE_L\leaf_blast_HE_L\leaf_blast-197-_jpg.rf.8a46cf1e9d5c3eac544d5567ce88ddb8 HE_L.jpg,0.4637
leaf_blast-199-_jpg.rf.759190af4de9037ad1277e4f8be2f927.jpg,C:\Users\ihver\Desktop\ay2023-2024-2nd-sem-cmsc190-sp2-ihvergara\images\dataset_HE_L\leaf_blast_HE_L\leaf_blast-199-_jpg.rf.759190af4de9037ad1277e4f8be2f927 HE_L.jpg,0.8997
leaf_blast-2-_jpg.rf.2318a8a07f20b1360cd8b73b8956d909.jpg,C:\Users\ihver\Desktop\ay2023-2024-2nd-sem-cmsc190-sp2-ihvergara\images\dataset_HE_L\leaf_blast_HE_L\leaf_blast-2-_jpg.rf.2318a8a07f20b1360cd8b73b8956d909 HE_L.jpg,0.3407
leaf_blast-20-_jpg.rf.ac84cb64bb0adb71ce89283485a12210.jpg,C:\Users\ihver\Desktop\ay2023-2024-2nd-sem-cmsc190-sp2-ihvergara\images\dataset_HE_L\leaf_blast_HE_L\leaf_blast-20-_jpg.rf.ac84cb64bb0adb71ce89283485a12210 HE_L.jpg,0.2402
leaf_blast-200-_jpg.rf.59f2cae87c1ce4d8f33a487e8d7ec405.jpg,C:\Users\ihver\Desktop\ay2023-2024-2nd-sem-cmsc190-sp2-ihvergara\images\dataset_HE_L\leaf_blast_HE_L\leaf_blast-200-_jpg.rf.59f2cae87c1ce4d8f33a487e8d7ec405 HE_L.jpg,0.8876
leaf_blast-201-_jpg.rf.2f7e9aecd69eea62eceb6129e3e20e56.jpg,C:\Users\ihver\Desktop\ay2023-2024-2nd-sem-cmsc190-sp2-ihvergara\images\dataset_HE_L\leaf_blast_HE_L\leaf_blast-201-_jpg.rf.2f7e9aecd69eea62eceb6129e3e20e56 HE_L.jpg,0.8888
leaf_blast-202-_jpg.rf.08b1b5d120e09c422ee172e737c797c2.jpg,C:\Users\ihver\Desktop\ay2023-2024-2nd-sem-cmsc190-sp2-ihvergara\images\dataset_HE_L\leaf_blast_HE_L\leaf_blast-202-_jpg.rf.08b1b5d120e09c422ee172e737c797c2 HE_L.jpg,0.8550
leaf_blast-203-_jpg.rf.5d68832356d46304a29cd1600114dbaa.jpg,C:\Users\ihver\Desktop\ay2023-2024-2nd-sem-cmsc190-sp2-ihvergara\images\dataset_HE_L\leaf_blast_HE_L\leaf_blast-203-_jpg.rf.5d68832356d46304a29cd1600114dbaa HE_L.jpg,0.8499
leaf_blast-205-_jpg.rf.26a899c14a4d0c01b261ecb294bdc06f.jpg,C:\Users\ihver\Desktop\ay2023-2024-2nd-sem-cmsc190-sp2-ihvergara\images\dataset_HE_L\leaf_blast_HE_L\leaf_blast-205-_jpg.rf.26a899c14a4d0c01b261ecb294bdc06f HE_L.jpg,0.8659
leaf_blast-206-_jpg.rf.632f01813869c6eea0a529fc046fef32.jpg,C:\Users\ihver\Desktop\ay2023-2024-2nd-sem-cmsc190-sp2-ihvergara\images\dataset_HE_L\leaf_blast_HE_L\leaf_blast-206-_jpg.rf.632f01813869c6eea0a529fc046fef32 HE_L.jpg,0.8875
leaf_blast-207-_jpg.rf.9bb3bf06f76b93448dc7cd854027a228.jpg,C:\Users\ihver\Desktop\ay2023-2024-2nd-sem-cmsc190-sp2-ihvergara\images\dataset_HE_L\leaf_blast_HE_L\leaf_blast-207-_jpg.rf.9bb3bf06f76b93448dc7cd854027a228 HE_L.jpg,0.8499
leaf_blast-209-_jpg.rf.11047b9e0c58088b2626787a73bac84c.jpg,C:\Users\ihver\Desktop\ay2023-2024-2nd-sem-cmsc190-sp2-ihvergara\images\dataset_HE_L\leaf_blast_HE_L\leaf_blast-209-_jpg.rf.11047b9e0c58088b2626787a73bac84c HE_L.jpg,0.9010
leaf_blast-21-_jpg.rf.67905bbcd19f69d57ec0cec613201d72.jpg,C:\Users\ihver\Desktop\ay2023-2024-2nd-sem-cmsc190-sp2-ihvergara\images\dataset_HE_L\leaf_blast_HE_L\leaf_blast-21-_jpg.rf.67905bbcd19f69d57ec0cec613201d72 HE_L.jpg,0.3206
leaf_blast-210-_jpg.rf.01b155cccddb850071fddbac337b0fc6.jpg,C:\Users\ihver\Desktop\ay2023-2024-2nd-sem-cmsc190-sp2-ihvergara\images\dataset_HE_L\leaf_blast_HE_L\leaf_blast-210-_jpg.rf.01b155cccddb850071fddbac337b0fc6 HE_L.jpg,0.8659
leaf_blast-211-_jpg.rf.c699c5dd2ae3f99680963f3a822ecb1d.jpg,C:\Users\ihver\Desktop\ay2023-2024-2nd-sem-cmsc190-sp2-ihvergara\images\dataset_HE_L\leaf_blast_HE_L\leaf_blast-211-_jpg.rf.c699c5dd2ae3f99680963f3a822ecb1d HE_L.jpg,0.8374
leaf_blast-212-_jpg.rf.0cd1401ab5adedc75960e0d4a111017e.jpg,C:\Users\ihver\Desktop\ay2023-2024-2nd-sem-cmsc190-sp2-ihvergara\images\dataset_HE_L\leaf_blast_HE_L\leaf_blast-212-_jpg.rf.0cd1401ab5adedc75960e0d4a111017e HE_L.jpg,0.8321
leaf_blast-213-_jpg.rf.3fe5fd6404c3c85130ef17d14a593a87.jpg,C:\Users\ihver\Desktop\ay2023-2024-2nd-sem-cmsc190-sp2-ihvergara\images\dataset_HE_L\leaf_blast_HE_L\leaf_blast-213-_jpg.rf.3fe5fd6404c3c85130ef17d14a593a87 HE_L.jpg,0.7534
leaf_blast-214-_jpg.rf.82d79f1f28b8e81acc27dfd062de5fed.jpg,C:\Users\ihver\Desktop\ay2023-2024-2nd-sem-cmsc190-sp2-ihvergara\images\dataset_HE_L\leaf_blast_HE_L\leaf_blast-214-_jpg.rf.82d79f1f28b8e81acc27dfd062de5fed HE_L.jpg,0.8895
leaf_blast-215-_jpg.rf.f2e8d59e7a9b65f233e7f2698168cabe.jpg,C:\Users\ihver\Desktop\ay2023-2024-2nd-sem-cmsc190-sp2-ihvergara\images\dataset_HE_L\leaf_blast_HE_L\leaf_blast-215-_jpg.rf.f2e8d59e7a9b65f233e7f2698168cabe HE_L.jpg,0.8480
leaf_blast-217-_jpg.rf.7396d41f3b992e0cfb8818b21f67d318.jpg,C:\Users\ihver\Desktop\ay2023-2024-2nd-sem-cmsc190-sp2-ihvergara\images\dataset_HE_L\leaf_blast_HE_L\leaf_blast-217-_jpg.rf.7396d41f3b992e0cfb8818b21f67d318 HE_L.jpg,0.4637
leaf_blast-218-_jpg.rf.a608757e7a107e057aaffa22a746d357.jpg,C:\Users\ihver\Desktop\ay2023-2024-2nd-sem-cmsc190-sp2-ihvergara\images\dataset_HE_L\leaf_blast_HE_L\leaf_blast-218-_jpg.rf.a608757e7a107e057aaffa22a746d357 HE_L.jpg,0.8544
leaf_blast-219-_jpg.rf.2119d3199b9a68c59eaf91aa8ae151de.jpg,C:\Users\ihver\Desktop\ay2023-2024-2nd-sem-cmsc190-sp2-ihvergara\images\dataset_HE_L\leaf_blast_HE_L\leaf_blast-219-_jpg.rf.2119d3199b9a68c59eaf91aa8ae151de HE_L.jpg,0.8883
leaf_blast-22-_jpg.rf.a66918aac59575e8c2752198aadceed9.jpg,C:\Users\ihver\Desktop\ay2023-2024-2nd-sem-cmsc190-sp2-ihvergara\images\dataset_HE_L\leaf_blast_HE_L\leaf_blast-22-_jpg.rf.a66918aac59575e8c2752198aadceed9 HE_L.jpg,0.3363
leaf_blast-220-_jpg.rf.d2182c6a7e7b0f6a6b0f0d15cc924497.jpg,C:\Users\ihver\Desktop\ay2023-2024-2nd-sem-cmsc190-sp2-ihvergara\images\dataset_HE_L\leaf_blast_HE_L\leaf_blast-220-_jpg.rf.d2182c6a7e7b0f6a6b0f0d15cc924497 HE_L.jpg,0.8499
leaf_blast-222-_jpg.rf.6e718e9f271912a7736049f73d1eb73e.jpg,C:\Users\ihver\Desktop\ay2023-2024-2nd-sem-cmsc190-sp2-ihvergara\images\dataset_HE_L\leaf_blast_HE_L\leaf_blast-222-_jpg.rf.6e718e9f271912a7736049f73d1eb73e HE_L.jpg,0.8997
leaf_blast-223-_jpg.rf.c7305636111bb017afca466a5a5e2b11.jpg,C:\Users\ihver\Desktop\ay2023-2024-2nd-sem-cmsc190-sp2-ihvergara\images\dataset_HE_L\leaf_blast_HE_L\leaf_blast-223-_jpg.rf.c7305636111bb017afca466a5a5e2b11 HE_L.jpg,0.8657
leaf_blast-224-_jpg.rf.0df6aad0034f2e6455468f561440ea9d.jpg,C:\Users\ihver\Desktop\ay2023-2024-2nd-sem-cmsc190-sp2-ihvergara\images\dataset_HE_L\leaf_blast_HE_L\leaf_blast-224-_jpg.rf.0df6aad0034f2e6455468f561440ea9d HE_L.jpg,0.2463
leaf_blast-225-_jpg.rf.92975e7acc5a386a6a2bb5cd3091cdb2.jpg,C:\Users\ihver\Desktop\ay2023-2024-2nd-sem-cmsc190-sp2-ihvergara\images\dataset_HE_L\leaf_blast_HE_L\leaf_blast-225-_jpg.rf.92975e7acc5a386a6a2bb5cd3091cdb2 HE_L.jpg,0.2358
leaf_blast-226-_jpg.rf.1493ae44381e0ebffe33ebc9e154f6ef.jpg,C:\Users\ihver\Desktop\ay2023-2024-2nd-sem-cmsc190-sp2-ihvergara\images\dataset_HE_L\leaf_blast_HE_L\leaf_blast-226-_jpg.rf.1493ae44381e0ebffe33ebc9e154f6ef HE_L.jpg,0.2123
leaf_blast-227-_jpg.rf.698683391dc31e1e24241c0cb2cb0d91.jpg,C:\Users\ihver\Desktop\ay2023-2024-2nd-sem-cmsc190-sp2-ihvergara\images\dataset_HE_L\leaf_blast_HE_L\leaf_blast-227-_jpg.rf.698683391dc31e1e24241c0cb2cb0d91 HE_L.jpg,0.2242
leaf_blast-228-_jpg.rf.e3e97177de97eb49317fa86f2a5c6bd7.jpg,C:\Users\ihver\Desktop\ay2023-2024-2nd-sem-cmsc190-sp2-ihvergara\images\dataset_HE_L\leaf_blast_HE_L\leaf_blast-228-_jpg.rf.e3e97177de97eb49317fa86f2a5c6bd7 HE_L.jpg,0.4812
leaf_blast-229-_jpg.rf.094072bb3a7c7332b2120a0a935b533b.jpg,C:\Users\ihver\Desktop\ay2023-2024-2nd-sem-cmsc190-sp2-ihvergara\images\dataset_HE_L\leaf_blast_HE_L\leaf_blast-229-_jpg.rf.094072bb3a7c7332b2120a0a935b533b HE_L.jpg,0.6352
leaf_blast-23-_jpg.rf.f85d7cea1ab1213efad6e874fed422af.jpg,C:\Users\ihver\Desktop\ay2023-2024-2nd-sem-cmsc190-sp2-ihvergara\images\dataset_HE_L\leaf_blast_HE_L\leaf_blast-23-_jpg.rf.f85d7cea1ab1213efad6e874fed422af HE_L.jpg,0.1995
leaf_blast-230-_jpg.rf.4c05127a543c257882412341f8529586.jpg,C:\Users\ihver\Desktop\ay2023-2024-2nd-sem-cmsc190-sp2-ihvergara\images\dataset_HE_L\leaf_blast_HE_L\leaf_blast-230-_jpg.rf.4c05127a543c257882412341f8529586 HE_L.jpg,0.4599
leaf_blast-231-_jpg.rf.4ab2e1c7274de063056c98dc1b0205e2.jpg,C:\Users\ihver\Desktop\ay2023-2024-2nd-sem-cmsc190-sp2-ihvergara\images\dataset_HE_L\leaf_blast_HE_L\leaf_blast-231-_jpg.rf.4ab2e1c7274de063056c98dc1b0205e2 HE_L.jpg,0.4399
leaf_blast-232-_jpg.rf.93c62635a2b5efdd6c0828accfdd81e1.jpg,C:\Users\ihver\Desktop\ay2023-2024-2nd-sem-cmsc190-sp2-ihvergara\images\dataset_HE_L\leaf_blast_HE_L\leaf_blast-232-_jpg.rf.93c62635a2b5efdd6c0828accfdd81e1 HE_L.jpg,0.3687
leaf_blast-233-_jpg.rf.b6fade4aaaea9ae4e85776818382309c.jpg,C:\Users\ihver\Desktop\ay2023-2024-2nd-sem-cmsc190-sp2-ihvergara\images\dataset_HE_L\leaf_blast_HE_L\leaf_blast-233-_jpg.rf.b6fade4aaaea9ae4e85776818382309c HE_L.jpg,0.5659
leaf_blast-234-_jpg.rf.5275ecadfec88411cf7aac3ba1f1a8be.jpg,C:\Users\ihver\Desktop\ay2023-2024-2nd-sem-cmsc190-sp2-ihvergara\images\dataset_HE_L\leaf_blast_HE_L\leaf_blast-234-_jpg.rf.5275ecadfec88411cf7aac3ba1f1a8be HE_L.jpg,0.4056
leaf_blast-235-_jpg.rf.8faddb1168042435bfd673b3db2f1b6f.jpg,C:\Users\ihver\Desktop\ay2023-2024-2nd-sem-cmsc190-sp2-ihvergara\images\dataset_HE_L\leaf_blast_HE_L\leaf_blast-235-_jpg.rf.8faddb1168042435bfd673b3db2f1b6f HE_L.jpg,0.5075
leaf_blast-236-_jpg.rf.ea582eb6653efac107fd6011fe3ac09f.jpg,C:\Users\ihver\Desktop\ay2023-2024-2nd-sem-cmsc190-sp2-ihvergara\images\dataset_HE_L\leaf_blast_HE_L\leaf_blast-236-_jpg.rf.ea582eb6653efac107fd6011fe3ac09f HE_L.jpg,0.5173
leaf_blast-237-_jpg.rf.8db13bf09c6b04f275fb38125d6d25d5.jpg,C:\Users\ihver\Desktop\ay2023-2024-2nd-sem-cmsc190-sp2-ihvergara\images\dataset_HE_L\leaf_blast_HE_L\leaf_blast-237-_jpg.rf.8db13bf09c6b04f275fb38125d6d25d5 HE_L.jpg,0.5435
leaf_blast-238-_jpg.rf.c0eb4c90a88d87b7b72e0551d4ecfc78.jpg,C:\Users\ihver\Desktop\ay2023-2024-2nd-sem-cmsc190-sp2-ihvergara\images\dataset_HE_L\leaf_blast_HE_L\leaf_blast-238-_jpg.rf.c0eb4c90a88d87b7b72e0551d4ecfc78 HE_L.jpg,0.4864
leaf_blast-239-_jpg.rf.4062daacefd33d54fbe3b97596fec73a.jpg,C:\Users\ihver\Desktop\ay2023-2024-2nd-sem-cmsc190-sp2-ihvergara\images\dataset_HE_L\leaf_blast_HE_L\leaf_blast-239-_jpg.rf.4062daacefd33d54fbe3b97596fec73a HE_L.jpg,0.5492
leaf_blast-24-_jpg.rf.8b1767a8242a143632c8e122ba0e2fb2.jpg,C:\Users\ihver\Desktop\ay2023-2024-2nd-sem-cmsc190-sp2-ihvergara\images\dataset_HE_L\leaf_blast_HE_L\leaf_blast-24-_jpg.rf.8b1767a8242a143632c8e122ba0e2fb2 HE_L.jpg,0.6622
leaf_blast-240-_jpg.rf.d4f8ad1bbfe99af37a3b4a55b1f0f1a3.jpg,C:\Users\ihver\Desktop\ay2023-2024-2nd-sem-cmsc190-sp2-ihvergara\images\dataset_HE_L\leaf_blast_HE_L\leaf_blast-240-_jpg.rf.d4f8ad1bbfe99af37a3b4a55b1f0f1a3 HE_L.jpg,0.5114
leaf_blast-241-_jpg.rf.c6a1508d5d2ee8b9217643b4b3e59a2a.jpg,C:\Users\ihver\Desktop\ay2023-2024-2nd-sem-cmsc190-sp2-ihvergara\images\dataset_HE_L\leaf_blast_HE_L\leaf_blast-241-_jpg.rf.c6a1508d5d2ee8b9217643b4b3e59a2a HE_L.jpg,0.3458
leaf_blast-242-_jpg.rf.2e735c4d346e19f427c3da530c7bd78e.jpg,C:\Users\ihver\Desktop\ay2023-2024-2nd-sem-cmsc190-sp2-ihvergara\images\dataset_HE_L\leaf_blast_HE_L\leaf_blast-242-_jpg.rf.2e735c4d346e19f427c3da530c7bd78e HE_L.jpg,0.5631
leaf_blast-243-_jpg.rf.a19cd31e4447a3927a3aeb53cfec06f6.jpg,C:\Users\ihver\Desktop\ay2023-2024-2nd-sem-cmsc190-sp2-ihvergara\images\dataset_HE_L\leaf_blast_HE_L\leaf_blast-243-_jpg.rf.a19cd31e4447a3927a3aeb53cfec06f6 HE_L.jpg,0.2176
leaf_blast-244-_jpg.rf.01f1493a931200066b516b9e26ebf0e6.jpg,C:\Users\ihver\Desktop\ay2023-2024-2nd-sem-cmsc190-sp2-ihvergara\images\dataset_HE_L\leaf_blast_HE_L\leaf_blast-244-_jpg.rf.01f1493a931200066b516b9e26ebf0e6 HE_L.jpg,0.2573
leaf_blast-245-_jpg.rf.333b6e49ce0d87e881b75d2f68f2e23b.jpg,C:\Users\ihver\Desktop\ay2023-2024-2nd-sem-cmsc190-sp2-ihvergara\images\dataset_HE_L\leaf_blast_HE_L\leaf_blast-245-_jpg.rf.333b6e49ce0d87e881b75d2f68f2e23b HE_L.jpg,0.2259
leaf_blast-246-_jpg.rf.4a0e1cbb101501a1821eed473350e7cb.jpg,C:\Users\ihver\Desktop\ay2023-2024-2nd-sem-cmsc190-sp2-ihvergara\images\dataset_HE_L\leaf_blast_HE_L\leaf_blast-246-_jpg.rf.4a0e1cbb101501a1821eed473350e7cb HE_L.jpg,0.4199
leaf_blast-247-_jpg.rf.dc289fd4fba691f2f556d3fcf4e910ac.jpg,C:\Users\ihver\Desktop\ay2023-2024-2nd-sem-cmsc190-sp2-ihvergara\images\dataset_HE_L\leaf_blast_HE_L\leaf_blast-247-_jpg.rf.dc289fd4fba691f2f556d3fcf4e910ac HE_L.jpg,0.5117
leaf_blast-248-_jpg.rf.855027fb93469e788dd0a14f03e987a2.jpg,C:\Users\ihver\Desktop\ay2023-2024-2nd-sem-cmsc190-sp2-ihvergara\images\dataset_HE_L\leaf_blast_HE_L\leaf_blast-248-_jpg.rf.855027fb93469e788dd0a14f03e987a2 HE_L.jpg,0.2447
leaf_blast-249-_jpg.rf.f886cf47db9b6f056425f0caa534d966.jpg,C:\Users\ihver\Desktop\ay2023-2024-2nd-sem-cmsc190-sp2-ihvergara\images\dataset_HE_L\leaf_blast_HE_L\leaf_blast-249-_jpg.rf.f886cf47db9b6f056425f0caa534d966 HE_L.jpg,0.2478
leaf_blast-25-_jpg.rf.c9bdda15b78d3ca12caf01cf2434ee9c.jpg,C:\Users\ihver\Desktop\ay2023-2024-2nd-sem-cmsc190-sp2-ihvergara\images\dataset_HE_L\leaf_blast_HE_L\leaf_blast-25-_jpg.rf.c9bdda15b78d3ca12caf01cf2434ee9c HE_L.jpg,0.3914
leaf_blast-250-_jpg.rf.47f022ab6bd087cf439c5daf65aae701.jpg,C:\Users\ihver\Desktop\ay2023-2024-2nd-sem-cmsc190-sp2-ihvergara\images\dataset_HE_L\leaf_blast_HE_L\leaf_blast-250-_jpg.rf.47f022ab6bd087cf439c5daf65aae701 HE_L.jpg,0.2776
leaf_blast-251-_jpg.rf.18340d124ca83edfbf12f236040e48da.jpg,C:\Users\ihver\Desktop\ay2023-2024-2nd-sem-cmsc190-sp2-ihvergara\images\dataset_HE_L\leaf_blast_HE_L\leaf_blast-251-_jpg.rf.18340d124ca83edfbf12f236040e48da HE_L.jpg,0.5234
leaf_blast-252-_jpg.rf.fa3566769d1e5f1902408a3131630985.jpg,C:\Users\ihver\Desktop\ay2023-2024-2nd-sem-cmsc190-sp2-ihvergara\images\dataset_HE_L\leaf_blast_HE_L\leaf_blast-252-_jpg.rf.fa3566769d1e5f1902408a3131630985 HE_L.jpg,0.3412
leaf_blast-253-_jpg.rf.da021dccafc1fd0a29cf9e1993705cc7.jpg,C:\Users\ihver\Desktop\ay2023-2024-2nd-sem-cmsc190-sp2-ihvergara\images\dataset_HE_L\leaf_blast_HE_L\leaf_blast-253-_jpg.rf.da021dccafc1fd0a29cf9e1993705cc7 HE_L.jpg,0.3870
leaf_blast-254-_jpg.rf.2a9d66c86617b129e08e663c69119dd7.jpg,C:\Users\ihver\Desktop\ay2023-2024-2nd-sem-cmsc190-sp2-ihvergara\images\dataset_HE_L\leaf_blast_HE_L\leaf_blast-254-_jpg.rf.2a9d66c86617b129e08e663c69119dd7 HE_L.jpg,0.3426
leaf_blast-255-_jpg.rf.4fa1f1d93d99f9731ffe20247d91f501.jpg,C:\Users\ihver\Desktop\ay2023-2024-2nd-sem-cmsc190-sp2-ihvergara\images\dataset_HE_L\leaf_blast_HE_L\leaf_blast-255-_jpg.rf.4fa1f1d93d99f9731ffe20247d91f501 HE_L.jpg,0.1970
leaf_blast-256-_jpg.rf.9b88f80e85c0f9d97b3b10500ebf0ab4.jpg,C:\Users\ihver\Desktop\ay2023-2024-2nd-sem-cmsc190-sp2-ihvergara\images\dataset_HE_L\leaf_blast_HE_L\leaf_blast-256-_jpg.rf.9b88f80e85c0f9d97b3b10500ebf0ab4 HE_L.jpg,0.1877
leaf_blast-257-_jpg.rf.727fdc297a3d598928403b6b300b072d.jpg,C:\Users\ihver\Desktop\ay2023-2024-2nd-sem-cmsc190-sp2-ihvergara\images\dataset_HE_L\leaf_blast_HE_L\leaf_blast-257-_jpg.rf.727fdc297a3d598928403b6b300b072d HE_L.jpg,0.4831
leaf_blast-258-_jpg.rf.ba704cd0735c334dca9ad551db4d31a0.jpg,C:\Users\ihver\Desktop\ay2023-2024-2nd-sem-cmsc190-sp2-ihvergara\images\dataset_HE_L\leaf_blast_HE_L\leaf_blast-258-_jpg.rf.ba704cd0735c334dca9ad551db4d31a0 HE_L.jpg,0.3095
leaf_blast-259-_jpg.rf.5399bc4994d6ca91acca29993222f4ff.jpg,C:\Users\ihver\Desktop\ay2023-2024-2nd-sem-cmsc190-sp2-ihvergara\images\dataset_HE_L\leaf_blast_HE_L\leaf_blast-259-_jpg.rf.5399bc4994d6ca91acca29993222f4ff HE_L.jpg,0.3850
leaf_blast-26-_jpg.rf.1b5e4852e3f1048d29e8a1a3f2fc7bf7.jpg,C:\Users\ihver\Desktop\ay2023-2024-2nd-sem-cmsc190-sp2-ihvergara\images\dataset_HE_L\leaf_blast_HE_L\leaf_blast-26-_jpg.rf.1b5e4852e3f1048d29e8a1a3f2fc7bf7 HE_L.jpg,0.4698
leaf_blast-260-_jpg.rf.1d8fd498046f593c00ac73bb2435eece.jpg,C:\Users\ihver\Desktop\ay2023-2024-2nd-sem-cmsc190-sp2-ihvergara\images\dataset_HE_L\leaf_blast_HE_L\leaf_blast-260-_jpg.rf.1d8fd498046f593c00ac73bb2435eece HE_L.jpg,0.3477
leaf_blast-261-_jpg.rf.d6b0fb8bdb1e658630c46da77310106b.jpg,C:\Users\ihver\Desktop\ay2023-2024-2nd-sem-cmsc190-sp2-ihvergara\images\dataset_HE_L\leaf_blast_HE_L\leaf_blast-261-_jpg.rf.d6b0fb8bdb1e658630c46da77310106b HE_L.jpg,0.3449
leaf_blast-262-_jpg.rf.12290114ab76a0edb0fc0c5a2fda8fed.jpg,C:\Users\ihver\Desktop\ay2023-2024-2nd-sem-cmsc190-sp2-ihvergara\images\dataset_HE_L\leaf_blast_HE_L\leaf_blast-262-_jpg.rf.12290114ab76a0edb0fc0c5a2fda8fed HE_L.jpg,0.1760
leaf_blast-263-_jpg.rf.2efcbba5293debeddbbf1cfcf76643e9.jpg,C:\Users\ihver\Desktop\ay2023-2024-2nd-sem-cmsc190-sp2-ihvergara\images\dataset_HE_L\leaf_blast_HE_L\leaf_blast-263-_jpg.rf.2efcbba5293debeddbbf1cfcf76643e9 HE_L.jpg,0.2303
leaf_blast-264-_jpg.rf.ed22af522e29626ea9b10ef735c96e6f.jpg,C:\Users\ihver\Desktop\ay2023-2024-2nd-sem-cmsc190-sp2-ihvergara\images\dataset_HE_L\leaf_blast_HE_L\leaf_blast-264-_jpg.rf.ed22af522e29626ea9b10ef735c96e6f HE_L.jpg,0.2575
leaf_blast-265-_jpg.rf.c39606535efffe5f7e2951a4ca8c9206.jpg,C:\Users\ihver\Desktop\ay2023-2024-2nd-sem-cmsc190-sp2-ihvergara\images\dataset_HE_L\leaf_blast_HE_L\leaf_blast-265-_jpg.rf.c39606535efffe5f7e2951a4ca8c9206 HE_L.jpg,0.4359
leaf_blast-266-_jpg.rf.2827b534fd966c6bd6a0d460d81323c1.jpg,C:\Users\ihver\Desktop\ay2023-2024-2nd-sem-cmsc190-sp2-ihvergara\images\dataset_HE_L\leaf_blast_HE_L\leaf_blast-266-_jpg.rf.2827b534fd966c6bd6a0d460d81323c1 HE_L.jpg,0.2751
leaf_blast-267-_jpg.rf.079057cac72a7cc2272f76a95d21c66b.jpg,C:\Users\ihver\Desktop\ay2023-2024-2nd-sem-cmsc190-sp2-ihvergara\images\dataset_HE_L\leaf_blast_HE_L\leaf_blast-267-_jpg.rf.079057cac72a7cc2272f76a95d21c66b HE_L.jpg,0.3067
leaf_blast-268-_jpg.rf.42bb4cb89a20c028a1a1743fc429934e.jpg,C:\Users\ihver\Desktop\ay2023-2024-2nd-sem-cmsc190-sp2-ihvergara\images\dataset_HE_L\leaf_blast_HE_L\leaf_blast-268-_jpg.rf.42bb4cb89a20c028a1a1743fc429934e HE_L.jpg,0.2829
leaf_blast-269-_jpg.rf.2ebe4ce755e1af31225f1d36e0bf4ce8.jpg,C:\Users\ihver\Desktop\ay2023-2024-2nd-sem-cmsc190-sp2-ihvergara\images\dataset_HE_L\leaf_blast_HE_L\leaf_blast-269-_jpg.rf.2ebe4ce755e1af31225f1d36e0bf4ce8 HE_L.jpg,0.2335
leaf_blast-27-_jpg.rf.4a386cb91daea8cdb74a53ef2e94a632.jpg,C:\Users\ihver\Desktop\ay2023-2024-2nd-sem-cmsc190-sp2-ihvergara\images\dataset_HE_L\leaf_blast_HE_L\leaf_blast-27-_jpg.rf.4a386cb91daea8cdb74a53ef2e94a632 HE_L.jpg,0.4444
leaf_blast-270-_jpg.rf.5e802bfd48ab3dfbfbdbfd2c6530f9ec.jpg,C:\Users\ihver\Desktop\ay2023-2024-2nd-sem-cmsc190-sp2-ihvergara\images\dataset_HE_L\leaf_blast_HE_L\leaf_blast-270-_jpg.rf.5e802bfd48ab3dfbfbdbfd2c6530f9ec HE_L.jpg,0.4201
leaf_blast-271-_jpg.rf.cafef27b3bad29a87b90fa2a146935d2.jpg,C:\Users\ihver\Desktop\ay2023-2024-2nd-sem-cmsc190-sp2-ihvergara\images\dataset_HE_L\leaf_blast_HE_L\leaf_blast-271-_jpg.rf.cafef27b3bad29a87b90fa2a146935d2 HE_L.jpg,0.3695
leaf_blast-272-_jpg.rf.39095548ecfa8243c04068b56797f7cb.jpg,C:\Users\ihver\Desktop\ay2023-2024-2nd-sem-cmsc190-sp2-ihvergara\images\dataset_HE_L\leaf_blast_HE_L\leaf_blast-272-_jpg.rf.39095548ecfa8243c04068b56797f7cb HE_L.jpg,0.4908
leaf_blast-273-_jpg.rf.d19801c7eda999c8d9919c80e61fe9f3.jpg,C:\Users\ihver\Desktop\ay2023-2024-2nd-sem-cmsc190-sp2-ihvergara\images\dataset_HE_L\leaf_blast_HE_L\leaf_blast-273-_jpg.rf.d19801c7eda999c8d9919c80e61fe9f3 HE_L.jpg,0.1847
leaf_blast-274-_jpg.rf.f0cdaa6d975f73d917eaff64cc1d03dc.jpg,C:\Users\ihver\Desktop\ay2023-2024-2nd-sem-cmsc190-sp2-ihvergara\images\dataset_HE_L\leaf_blast_HE_L\leaf_blast-274-_jpg.rf.f0cdaa6d975f73d917eaff64cc1d03dc HE_L.jpg,0.2230
leaf_blast-275-_jpg.rf.6ce97384cb034ed91eaa5107154881ca.jpg,C:\Users\ihver\Desktop\ay2023-2024-2nd-sem-cmsc190-sp2-ihvergara\images\dataset_HE_L\leaf_blast_HE_L\leaf_blast-275-_jpg.rf.6ce97384cb034ed91eaa5107154881ca HE_L.jpg,0.2727
leaf_blast-276-_jpg.rf.9c2a6559d281dd15714ac771599a97a6.jpg,C:\Users\ihver\Desktop\ay2023-2024-2nd-sem-cmsc190-sp2-ihvergara\images\dataset_HE_L\leaf_blast_HE_L\leaf_blast-276-_jpg.rf.9c2a6559d281dd15714ac771599a97a6 HE_L.jpg,0.4969
leaf_blast-277-_jpg.rf.13196d033436b8ab41e44ca58bd11d52.jpg,C:\Users\ihver\Desktop\ay2023-2024-2nd-sem-cmsc190-sp2-ihvergara\images\dataset_HE_L\leaf_blast_HE_L\leaf_blast-277-_jpg.rf.13196d033436b8ab41e44ca58bd11d52 HE_L.jpg,0.2263
leaf_blast-278-_jpg.rf.1e4a60fefec65812ba545d908145d50b.jpg,C:\Users\ihver\Desktop\ay2023-2024-2nd-sem-cmsc190-sp2-ihvergara\images\dataset_HE_L\leaf_blast_HE_L\leaf_blast-278-_jpg.rf.1e4a60fefec65812ba545d908145d50b HE_L.jpg,0.2634
leaf_blast-279-_jpg.rf.b3f28c52170cf4d4fff2c80f912e2dc7.jpg,C:\Users\ihver\Desktop\ay2023-2024-2nd-sem-cmsc190-sp2-ihvergara\images\dataset_HE_L\leaf_blast_HE_L\leaf_blast-279-_jpg.rf.b3f28c52170cf4d4fff2c80f912e2dc7 HE_L.jpg,0.2373
leaf_blast-28-_jpg.rf.96230532bb48e93eb5480560e202b8ba.jpg,C:\Users\ihver\Desktop\ay2023-2024-2nd-sem-cmsc190-sp2-ihvergara\images\dataset_HE_L\leaf_blast_HE_L\leaf_blast-28-_jpg.rf.96230532bb48e93eb5480560e202b8ba HE_L.jpg,0.3166
leaf_blast-280-_jpg.rf.3c199f698c1283bf67f93c07f5ed74cc.jpg,C:\Users\ihver\Desktop\ay2023-2024-2nd-sem-cmsc190-sp2-ihvergara\images\dataset_HE_L\leaf_blast_HE_L\leaf_blast-280-_jpg.rf.3c199f698c1283bf67f93c07f5ed74cc HE_L.jpg,0.3676
leaf_blast-281-_jpg.rf.ddef8108198e9ce4ff07cd3efc4d12c9.jpg,C:\Users\ihver\Desktop\ay2023-2024-2nd-sem-cmsc190-sp2-ihvergara\images\dataset_HE_L\leaf_blast_HE_L\leaf_blast-281-_jpg.rf.ddef8108198e9ce4ff07cd3efc4d12c9 HE_L.jpg,0.3999
leaf_blast-282-_jpg.rf.e2d588f9477257c0b34d85f0af7dbbe5.jpg,C:\Users\ihver\Desktop\ay2023-2024-2nd-sem-cmsc190-sp2-ihvergara\images\dataset_HE_L\leaf_blast_HE_L\leaf_blast-282-_jpg.rf.e2d588f9477257c0b34d85f0af7dbbe5 HE_L.jpg,0.4481
leaf_blast-283-_jpg.rf.4c07fb071b7d80ab8cf260340289dd8f.jpg,C:\Users\ihver\Desktop\ay2023-2024-2nd-sem-cmsc190-sp2-ihvergara\images\dataset_HE_L\leaf_blast_HE_L\leaf_blast-283-_jpg.rf.4c07fb071b7d80ab8cf260340289dd8f HE_L.jpg,0.2964
leaf_blast-284-_jpg.rf.0278641d1e31cc5471480daa7916f3cb.jpg,C:\Users\ihver\Desktop\ay2023-2024-2nd-sem-cmsc190-sp2-ihvergara\images\dataset_HE_L\leaf_blast_HE_L\leaf_blast-284-_jpg.rf.0278641d1e31cc5471480daa7916f3cb HE_L.jpg,0.2635
leaf_blast-285-_jpg.rf.99c68bc259578bbf34f37f698976df50.jpg,C:\Users\ihver\Desktop\ay2023-2024-2nd-sem-cmsc190-sp2-ihvergara\images\dataset_HE_L\leaf_blast_HE_L\leaf_blast-285-_jpg.rf.99c68bc259578bbf34f37f698976df50 HE_L.jpg,0.1660
leaf_blast-286-_jpg.rf.f11771f91273e5c6c87ffd71c4582c18.jpg,C:\Users\ihver\Desktop\ay2023-2024-2nd-sem-cmsc190-sp2-ihvergara\images\dataset_HE_L\leaf_blast_HE_L\leaf_blast-286-_jpg.rf.f11771f91273e5c6c87ffd71c4582c18 HE_L.jpg,0.2722
leaf_blast-287-_jpg.rf.a8e54ea534dd07b0254564cd8b90d2c8.jpg,C:\Users\ihver\Desktop\ay2023-2024-2nd-sem-cmsc190-sp2-ihvergara\images\dataset_HE_L\leaf_blast_HE_L\leaf_blast-287-_jpg.rf.a8e54ea534dd07b0254564cd8b90d2c8 HE_L.jpg,0.2380
leaf_blast-288-_jpg.rf.acdff0c6d34493191364484b63e0230d.jpg,C:\Users\ihver\Desktop\ay2023-2024-2nd-sem-cmsc190-sp2-ihvergara\images\dataset_HE_L\leaf_blast_HE_L\leaf_blast-288-_jpg.rf.acdff0c6d34493191364484b63e0230d HE_L.jpg,0.1697
leaf_blast-289-_jpg.rf.cc199a7962c5b4b233d4ba75d4ec3e8d.jpg,C:\Users\ihver\Desktop\ay2023-2024-2nd-sem-cmsc190-sp2-ihvergara\images\dataset_HE_L\leaf_blast_HE_L\leaf_blast-289-_jpg.rf.cc199a7962c5b4b233d4ba75d4ec3e8d HE_L.jpg,0.4262
leaf_blast-29-_jpg.rf.22af3749ad92bcb5538db3cbfd6f982b.jpg,C:\Users\ihver\Desktop\ay2023-2024-2nd-sem-cmsc190-sp2-ihvergara\images\dataset_HE_L\leaf_blast_HE_L\leaf_blast-29-_jpg.rf.22af3749ad92bcb5538db3cbfd6f982b HE_L.jpg,0.4191
leaf_blast-290-_jpg.rf.9f46b9fe8ff18cb031612d6b7bb19ffb.jpg,C:\Users\ihver\Desktop\ay2023-2024-2nd-sem-cmsc190-sp2-ihvergara\images\dataset_HE_L\leaf_blast_HE_L\leaf_blast-290-_jpg.rf.9f46b9fe8ff18cb031612d6b7bb19ffb HE_L.jpg,0.4323
leaf_blast-291-_jpg.rf.a473a7af8f1313792972cd4213c2826c.jpg,C:\Users\ihver\Desktop\ay2023-2024-2nd-sem-cmsc190-sp2-ihvergara\images\dataset_HE_L\leaf_blast_HE_L\leaf_blast-291-_jpg.rf.a473a7af8f1313792972cd4213c2826c HE_L.jpg,0.4500
leaf_blast-292-_jpg.rf.3d78e736b275d80fcfa180136d09a40b.jpg,C:\Users\ihver\Desktop\ay2023-2024-2nd-sem-cmsc190-sp2-ihvergara\images\dataset_HE_L\leaf_blast_HE_L\leaf_blast-292-_jpg.rf.3d78e736b275d80fcfa180136d09a40b HE_L.jpg,0.3949
leaf_blast-293-_jpg.rf.40a9a26991053df19802f9f4db7dba1e.jpg,C:\Users\ihver\Desktop\ay2023-2024-2nd-sem-cmsc190-sp2-ihvergara\images\dataset_HE_L\leaf_blast_HE_L\leaf_blast-293-_jpg.rf.40a9a26991053df19802f9f4db7dba1e HE_L.jpg,0.2273
leaf_blast-294-_jpg.rf.f3489f37bce1d3c16bb11586feca2391.jpg,C:\Users\ihver\Desktop\ay2023-2024-2nd-sem-cmsc190-sp2-ihvergara\images\dataset_HE_L\leaf_blast_HE_L\leaf_blast-294-_jpg.rf.f3489f37bce1d3c16bb11586feca2391 HE_L.jpg,0.4008
leaf_blast-295-_jpg.rf.4cce012f8d9d5e46f78502ca7b899da0.jpg,C:\Users\ihver\Desktop\ay2023-2024-2nd-sem-cmsc190-sp2-ihvergara\images\dataset_HE_L\leaf_blast_HE_L\leaf_blast-295-_jpg.rf.4cce012f8d9d5e46f78502ca7b899da0 HE_L.jpg,0.2785
leaf_blast-296-_jpg.rf.263d46fd37e31eca45fc1e5e78de0e35.jpg,C:\Users\ihver\Desktop\ay2023-2024-2nd-sem-cmsc190-sp2-ihvergara\images\dataset_HE_L\leaf_blast_HE_L\leaf_blast-296-_jpg.rf.263d46fd37e31eca45fc1e5e78de0e35 HE_L.jpg,0.4416
leaf_blast-297-_jpg.rf.78ea631c0f69add0f2d56956c4bc7ecc.jpg,C:\Users\ihver\Desktop\ay2023-2024-2nd-sem-cmsc190-sp2-ihvergara\images\dataset_HE_L\leaf_blast_HE_L\leaf_blast-297-_jpg.rf.78ea631c0f69add0f2d56956c4bc7ecc HE_L.jpg,0.2414
leaf_blast-298-_jpg.rf.f1ddcd99d18dee4872bd6b6c70c0bc31.jpg,C:\Users\ihver\Desktop\ay2023-2024-2nd-sem-cmsc190-sp2-ihvergara\images\dataset_HE_L\leaf_blast_HE_L\leaf_blast-298-_jpg.rf.f1ddcd99d18dee4872bd6b6c70c0bc31 HE_L.jpg,0.8372
leaf_blast-3-_jpg.rf.b5f4534713593780907461760ddd8cd7.jpg,C:\Users\ihver\Desktop\ay2023-2024-2nd-sem-cmsc190-sp2-ihvergara\images\dataset_HE_L\leaf_blast_HE_L\leaf_blast-3-_jpg.rf.b5f4534713593780907461760ddd8cd7 HE_L.jpg,0.4534
leaf_blast-30-_jpg.rf.4710c5d3274800b319066431105a472e.jpg,C:\Users\ihver\Desktop\ay2023-2024-2nd-sem-cmsc190-sp2-ihvergara\images\dataset_HE_L\leaf_blast_HE_L\leaf_blast-30-_jpg.rf.4710c5d3274800b319066431105a472e HE_L.jpg,0.5508
leaf_blast-300-_jpg.rf.c6de8254c3c93781fef612eacce000d8.jpg,C:\Users\ihver\Desktop\ay2023-2024-2nd-sem-cmsc190-sp2-ihvergara\images\dataset_HE_L\leaf_blast_HE_L\leaf_blast-300-_jpg.rf.c6de8254c3c93781fef612eacce000d8 HE_L.jpg,0.8382
leaf_blast-302-_jpg.rf.73b6e0dd2ec2ecde900e353d2ed9b008.jpg,C:\Users\ihver\Desktop\ay2023-2024-2nd-sem-cmsc190-sp2-ihvergara\images\dataset_HE_L\leaf_blast_HE_L\leaf_blast-302-_jpg.rf.73b6e0dd2ec2ecde900e353d2ed9b008 HE_L.jpg,0.8591
leaf_blast-303-_jpg.rf.4e313858788b3314068099c7632d2d0a.jpg,C:\Users\ihver\Desktop\ay2023-2024-2nd-sem-cmsc190-sp2-ihvergara\images\dataset_HE_L\leaf_blast_HE_L\leaf_blast-303-_jpg.rf.4e313858788b3314068099c7632d2d0a HE_L.jpg,0.8767
leaf_blast-304-_jpg.rf.eaf14fe9f906b9ca45ae265480a6c76e.jpg,C:\Users\ihver\Desktop\ay2023-2024-2nd-sem-cmsc190-sp2-ihvergara\images\dataset_HE_L\leaf_blast_HE_L\leaf_blast-304-_jpg.rf.eaf14fe9f906b9ca45ae265480a6c76e HE_L.jpg,0.9034
leaf_blast-305-_jpg.rf.e16df4304e7a887d499a7e62b9195f31.jpg,C:\Users\ihver\Desktop\ay2023-2024-2nd-sem-cmsc190-sp2-ihvergara\images\dataset_HE_L\leaf_blast_HE_L\leaf_blast-305-_jpg.rf.e16df4304e7a887d499a7e62b9195f31 HE_L.jpg,0.8754
leaf_blast-308-_jpg.rf.bce1a1c08c8e7d63b051150b850b7c88.jpg,C:\Users\ihver\Desktop\ay2023-2024-2nd-sem-cmsc190-sp2-ihvergara\images\dataset_HE_L\leaf_blast_HE_L\leaf_blast-308-_jpg.rf.bce1a1c08c8e7d63b051150b850b7c88 HE_L.jpg,0.8732
leaf_blast-309-_jpg.rf.5ec32f09529500be7484794b11eeb0da.jpg,C:\Users\ihver\Desktop\ay2023-2024-2nd-sem-cmsc190-sp2-ihvergara\images\dataset_HE_L\leaf_blast_HE_L\leaf_blast-309-_jpg.rf.5ec32f09529500be7484794b11eeb0da HE_L.jpg,0.3856
leaf_blast-31-_jpg.rf.e7bb7dc26402db98764d0c9f400c8112.jpg,C:\Users\ihver\Desktop\ay2023-2024-2nd-sem-cmsc190-sp2-ihvergara\images\dataset_HE_L\leaf_blast_HE_L\leaf_blast-31-_jpg.rf.e7bb7dc26402db98764d0c9f400c8112 HE_L.jpg,0.4588
leaf_blast-310-_jpg.rf.00ff44c956eceeeeaf85581528226856.jpg,C:\Users\ihver\Desktop\ay2023-2024-2nd-sem-cmsc190-sp2-ihvergara\images\dataset_HE_L\leaf_blast_HE_L\leaf_blast-310-_jpg.rf.00ff44c956eceeeeaf85581528226856 HE_L.jpg,0.1849
leaf_blast-311-_jpg.rf.20fa4d65f5f4c60fd257d318ff48534c.jpg,C:\Users\ihver\Desktop\ay2023-2024-2nd-sem-cmsc190-sp2-ihvergara\images\dataset_HE_L\leaf_blast_HE_L\leaf_blast-311-_jpg.rf.20fa4d65f5f4c60fd257d318ff48534c HE_L.jpg,0.4244
leaf_blast-312-_jpg.rf.5928227cdc7edfb7997a03a9ce6aba72.jpg,C:\Users\ihver\Desktop\ay2023-2024-2nd-sem-cmsc190-sp2-ihvergara\images\dataset_HE_L\leaf_blast_HE_L\leaf_blast-312-_jpg.rf.5928227cdc7edfb7997a03a9ce6aba72 HE_L.jpg,0.3947
leaf_blast-313-_jpg.rf.e6fa5c885f2bfbfc4c4ffa0ab8a44789.jpg,C:\Users\ihver\Desktop\ay2023-2024-2nd-sem-cmsc190-sp2-ihvergara\images\dataset_HE_L\leaf_blast_HE_L\leaf_blast-313-_jpg.rf.e6fa5c885f2bfbfc4c4ffa0ab8a44789 HE_L.jpg,0.2705
leaf_blast-314-_jpg.rf.e8522f2d525b7196101268cab9f4d6a8.jpg,C:\Users\ihver\Desktop\ay2023-2024-2nd-sem-cmsc190-sp2-ihvergara\images\dataset_HE_L\leaf_blast_HE_L\leaf_blast-314-_jpg.rf.e8522f2d525b7196101268cab9f4d6a8 HE_L.jpg,0.1714
leaf_blast-315-_jpg.rf.85ea39a877f90f25c54ccb388d0ac88b.jpg,C:\Users\ihver\Desktop\ay2023-2024-2nd-sem-cmsc190-sp2-ihvergara\images\dataset_HE_L\leaf_blast_HE_L\leaf_blast-315-_jpg.rf.85ea39a877f90f25c54ccb388d0ac88b HE_L.jpg,0.6630
leaf_blast-316-_jpg.rf.e2ed851c1e1af76167b374bfffee6038.jpg,C:\Users\ihver\Desktop\ay2023-2024-2nd-sem-cmsc190-sp2-ihvergara\images\dataset_HE_L\leaf_blast_HE_L\leaf_blast-316-_jpg.rf.e2ed851c1e1af76167b374bfffee6038 HE_L.jpg,0.1744
leaf_blast-317-_jpg.rf.02268f98c3b79489c00a0deadebf4bd7.jpg,C:\Users\ihver\Desktop\ay2023-2024-2nd-sem-cmsc190-sp2-ihvergara\images\dataset_HE_L\leaf_blast_HE_L\leaf_blast-317-_jpg.rf.02268f98c3b79489c00a0deadebf4bd7 HE_L.jpg,0.8884
leaf_blast-318-_jpg.rf.ad9c9c64b6bbdf1f8b83f7425f105e33.jpg,C:\Users\ihver\Desktop\ay2023-2024-2nd-sem-cmsc190-sp2-ihvergara\images\dataset_HE_L\leaf_blast_HE_L\leaf_blast-318-_jpg.rf.ad9c9c64b6bbdf1f8b83f7425f105e33 HE_L.jpg,0.6688
leaf_blast-319-_jpg.rf.23d84210b430729671b2947ad93e7bb8.jpg,C:\Users\ihver\Desktop\ay2023-2024-2nd-sem-cmsc190-sp2-ihvergara\images\dataset_HE_L\leaf_blast_HE_L\leaf_blast-319-_jpg.rf.23d84210b430729671b2947ad93e7bb8 HE_L.jpg,0.4135
leaf_blast-32-_jpg.rf.2d30ac5ecdd8bc69f940a41fab151512.jpg,C:\Users\ihver\Desktop\ay2023-2024-2nd-sem-cmsc190-sp2-ihvergara\images\dataset_HE_L\leaf_blast_HE_L\leaf_blast-32-_jpg.rf.2d30ac5ecdd8bc69f940a41fab151512 HE_L.jpg,0.4291
leaf_blast-320-_jpg.rf.11da91d0bb5a71f62f898befc43d0b5f.jpg,C:\Users\ihver\Desktop\ay2023-2024-2nd-sem-cmsc190-sp2-ihvergara\images\dataset_HE_L\leaf_blast_HE_L\leaf_blast-320-_jpg.rf.11da91d0bb5a71f62f898befc43d0b5f HE_L.jpg,0.3580
leaf_blast-321-_jpg.rf.8de35f2b706c966e4a3254f90b3bcef1.jpg,C:\Users\ihver\Desktop\ay2023-2024-2nd-sem-cmsc190-sp2-ihvergara\images\dataset_HE_L\leaf_blast_HE_L\leaf_blast-321-_jpg.rf.8de35f2b706c966e4a3254f90b3bcef1 HE_L.jpg,0.7071
leaf_blast-322-_jpg.rf.fc8a798bcee4b527a6de16758f131195.jpg,C:\Users\ihver\Desktop\ay2023-2024-2nd-sem-cmsc190-sp2-ihvergara\images\dataset_HE_L\leaf_blast_HE_L\leaf_blast-322-_jpg.rf.fc8a798bcee4b527a6de16758f131195 HE_L.jpg,0.1255
leaf_blast-323-_jpg.rf.f428b05da89e9762017d1af4401d6ff9.jpg,C:\Users\ihver\Desktop\ay2023-2024-2nd-sem-cmsc190-sp2-ihvergara\images\dataset_HE_L\leaf_blast_HE_L\leaf_blast-323-_jpg.rf.f428b05da89e9762017d1af4401d6ff9 HE_L.jpg,0.5266
leaf_blast-324-_jpg.rf.4d4c7df87df511279118c0d8eea51e35.jpg,C:\Users\ihver\Desktop\ay2023-2024-2nd-sem-cmsc190-sp2-ihvergara\images\dataset_HE_L\leaf_blast_HE_L\leaf_blast-324-_jpg.rf.4d4c7df87df511279118c0d8eea51e35 HE_L.jpg,0.6483
leaf_blast-325-_jpg.rf.5c8278ad1f9f33814d08bc892edfdd96.jpg,C:\Users\ihver\Desktop\ay2023-2024-2nd-sem-cmsc190-sp2-ihvergara\images\dataset_HE_L\leaf_blast_HE_L\leaf_blast-325-_jpg.rf.5c8278ad1f9f33814d08bc892edfdd96 HE_L.jpg,0.2978
leaf_blast-326-_jpg.rf.8fe47e29f97174c30c1ccb4bdbee24ff.jpg,C:\Users\ihver\Desktop\ay2023-2024-2nd-sem-cmsc190-sp2-ihvergara\images\dataset_HE_L\leaf_blast_HE_L\leaf_blast-326-_jpg.rf.8fe47e29f97174c30c1ccb4bdbee24ff HE_L.jpg,0.2933
leaf_blast-327-_jpg.rf.671a5be5559a537cbb68b7030f11bc79.jpg,C:\Users\ihver\Desktop\ay2023-2024-2nd-sem-cmsc190-sp2-ihvergara\images\dataset_HE_L\leaf_blast_HE_L\leaf_blast-327-_jpg.rf.671a5be5559a537cbb68b7030f11bc79 HE_L.jpg,0.1976
leaf_blast-328-_jpg.rf.cb958e05d374323e25ec3553b875037a.jpg,C:\Users\ihver\Desktop\ay2023-2024-2nd-sem-cmsc190-sp2-ihvergara\images\dataset_HE_L\leaf_blast_HE_L\leaf_blast-328-_jpg.rf.cb958e05d374323e25ec3553b875037a HE_L.jpg,0.3856
leaf_blast-329-_jpg.rf.eb9dd1ba4992fa6c8ecee2189227624f.jpg,C:\Users\ihver\Desktop\ay2023-2024-2nd-sem-cmsc190-sp2-ihvergara\images\dataset_HE_L\leaf_blast_HE_L\leaf_blast-329-_jpg.rf.eb9dd1ba4992fa6c8ecee2189227624f HE_L.jpg,0.1849
leaf_blast-33-_jpg.rf.e1ceae67bae39e0c28ea90cd5a47d017.jpg,C:\Users\ihver\Desktop\ay2023-2024-2nd-sem-cmsc190-sp2-ihvergara\images\dataset_HE_L\leaf_blast_HE_L\leaf_blast-33-_jpg.rf.e1ceae67bae39e0c28ea90cd5a47d017 HE_L.jpg,0.7889
leaf_blast-330-_jpg.rf.efc69ae6c1d515c7565f79f0cb21ace5.jpg,C:\Users\ihver\Desktop\ay2023-2024-2nd-sem-cmsc190-sp2-ihvergara\images\dataset_HE_L\leaf_blast_HE_L\leaf_blast-330-_jpg.rf.efc69ae6c1d515c7565f79f0cb21ace5 HE_L.jpg,0.3945
leaf_blast-331-_jpg.rf.73bd8b1db68d491fa9895a0c4a3e5f60.jpg,C:\Users\ihver\Desktop\ay2023-2024-2nd-sem-cmsc190-sp2-ihvergara\images\dataset_HE_L\leaf_blast_HE_L\leaf_blast-331-_jpg.rf.73bd8b1db68d491fa9895a0c4a3e5f60 HE_L.jpg,0.2699
leaf_blast-332-_jpg.rf.965b5487a2cc8fdc0a03fc761ef379f1.jpg,C:\Users\ihver\Desktop\ay2023-2024-2nd-sem-cmsc190-sp2-ihvergara\images\dataset_HE_L\leaf_blast_HE_L\leaf_blast-332-_jpg.rf.965b5487a2cc8fdc0a03fc761ef379f1 HE_L.jpg,0.2460
leaf_blast-333-_jpg.rf.56a4e60570abc6811b9132b076d782cd.jpg,C:\Users\ihver\Desktop\ay2023-2024-2nd-sem-cmsc190-sp2-ihvergara\images\dataset_HE_L\leaf_blast_HE_L\leaf_blast-333-_jpg.rf.56a4e60570abc6811b9132b076d782cd HE_L.jpg,0.6618
leaf_blast-334-_jpg.rf.01013b8baa976040a665ba3d637f5de7.jpg,C:\Users\ihver\Desktop\ay2023-2024-2nd-sem-cmsc190-sp2-ihvergara\images\dataset_HE_L\leaf_blast_HE_L\leaf_blast-334-_jpg.rf.01013b8baa976040a665ba3d637f5de7 HE_L.jpg,0.4009
leaf_blast-335-_jpg.rf.03cfc2f10043442b99b5c2cf37084c34.jpg,C:\Users\ihver\Desktop\ay2023-2024-2nd-sem-cmsc190-sp2-ihvergara\images\dataset_HE_L\leaf_blast_HE_L\leaf_blast-335-_jpg.rf.03cfc2f10043442b99b5c2cf37084c34 HE_L.jpg,0.3019
leaf_blast-336-_jpg.rf.7a27e2c05489dbb4b11f32160def5ea1.jpg,C:\Users\ihver\Desktop\ay2023-2024-2nd-sem-cmsc190-sp2-ihvergara\images\dataset_HE_L\leaf_blast_HE_L\leaf_blast-336-_jpg.rf.7a27e2c05489dbb4b11f32160def5ea1 HE_L.jpg,0.6480
leaf_blast-337-_jpg.rf.5f586fcabe8ec46b741681460f2d533f.jpg,C:\Users\ihver\Desktop\ay2023-2024-2nd-sem-cmsc190-sp2-ihvergara\images\dataset_HE_L\leaf_blast_HE_L\leaf_blast-337-_jpg.rf.5f586fcabe8ec46b741681460f2d533f HE_L.jpg,0.8878
leaf_blast-338-_jpg.rf.84ec7d85144c0599f0cb20c4e91ad236.jpg,C:\Users\ihver\Desktop\ay2023-2024-2nd-sem-cmsc190-sp2-ihvergara\images\dataset_HE_L\leaf_blast_HE_L\leaf_blast-338-_jpg.rf.84ec7d85144c0599f0cb20c4e91ad236 HE_L.jpg,0.6687
leaf_blast-339-_jpg.rf.27194fe8ee5226f08de894d376a23471.jpg,C:\Users\ihver\Desktop\ay2023-2024-2nd-sem-cmsc190-sp2-ihvergara\images\dataset_HE_L\leaf_blast_HE_L\leaf_blast-339-_jpg.rf.27194fe8ee5226f08de894d376a23471 HE_L.jpg,0.4137
leaf_blast-34-_jpg.rf.b2b7c50cf76adbd205d8d5aae08f798a.jpg,C:\Users\ihver\Desktop\ay2023-2024-2nd-sem-cmsc190-sp2-ihvergara\images\dataset_HE_L\leaf_blast_HE_L\leaf_blast-34-_jpg.rf.b2b7c50cf76adbd205d8d5aae08f798a HE_L.jpg,0.5256
leaf_blast-340-_jpg.rf.e7162c00c05853bcc342d28e671becde.jpg,C:\Users\ihver\Desktop\ay2023-2024-2nd-sem-cmsc190-sp2-ihvergara\images\dataset_HE_L\leaf_blast_HE_L\leaf_blast-340-_jpg.rf.e7162c00c05853bcc342d28e671becde HE_L.jpg,0.7074
leaf_blast-341-_jpg.rf.81e3566572dd6c0bcae4ca92f58f0f2b.jpg,C:\Users\ihver\Desktop\ay2023-2024-2nd-sem-cmsc190-sp2-ihvergara\images\dataset_HE_L\leaf_blast_HE_L\leaf_blast-341-_jpg.rf.81e3566572dd6c0bcae4ca92f58f0f2b HE_L.jpg,0.5263
leaf_blast-342-_jpg.rf.b04db5680be7f371bce09137bcabbee6.jpg,C:\Users\ihver\Desktop\ay2023-2024-2nd-sem-cmsc190-sp2-ihvergara\images\dataset_HE_L\leaf_blast_HE_L\leaf_blast-342-_jpg.rf.b04db5680be7f371bce09137bcabbee6 HE_L.jpg,0.3706
leaf_blast-343-_jpg.rf.3805be5fcc7180763586f1f6d2340863.jpg,C:\Users\ihver\Desktop\ay2023-2024-2nd-sem-cmsc190-sp2-ihvergara\images\dataset_HE_L\leaf_blast_HE_L\leaf_blast-343-_jpg.rf.3805be5fcc7180763586f1f6d2340863 HE_L.jpg,0.6485
leaf_blast-344-_jpg.rf.cd3ae6bacd432db5cb5b1ae016e8b9b3.jpg,C:\Users\ihver\Desktop\ay2023-2024-2nd-sem-cmsc190-sp2-ihvergara\images\dataset_HE_L\leaf_blast_HE_L\leaf_blast-344-_jpg.rf.cd3ae6bacd432db5cb5b1ae016e8b9b3 HE_L.jpg,0.2981
leaf_blast-345-_jpg.rf.6c7bb4addb5cbe49a5eb97cad73115d2.jpg,C:\Users\ihver\Desktop\ay2023-2024-2nd-sem-cmsc190-sp2-ihvergara\images\dataset_HE_L\leaf_blast_HE_L\leaf_blast-345-_jpg.rf.6c7bb4addb5cbe49a5eb97cad73115d2 HE_L.jpg,0.2929
leaf_blast-346-_jpg.rf.5a6cd387194c699c9835864fb4c25bfd.jpg,C:\Users\ihver\Desktop\ay2023-2024-2nd-sem-cmsc190-sp2-ihvergara\images\dataset_HE_L\leaf_blast_HE_L\leaf_blast-346-_jpg.rf.5a6cd387194c699c9835864fb4c25bfd HE_L.jpg,0.1978
leaf_blast-347-_jpg.rf.be43e9a3917c2cf0a146e3d1250f7c2e.jpg,C:\Users\ihver\Desktop\ay2023-2024-2nd-sem-cmsc190-sp2-ihvergara\images\dataset_HE_L\leaf_blast_HE_L\leaf_blast-347-_jpg.rf.be43e9a3917c2cf0a146e3d1250f7c2e HE_L.jpg,0.2683
leaf_blast-348-_jpg.rf.cd12ec2908f7ea9c2ba4f5240270745b.jpg,C:\Users\ihver\Desktop\ay2023-2024-2nd-sem-cmsc190-sp2-ihvergara\images\dataset_HE_L\leaf_blast_HE_L\leaf_blast-348-_jpg.rf.cd12ec2908f7ea9c2ba4f5240270745b HE_L.jpg,0.2450
leaf_blast-349-_jpg.rf.b07b492cfd2817cbd65f824d010a1d34.jpg,C:\Users\ihver\Desktop\ay2023-2024-2nd-sem-cmsc190-sp2-ihvergara\images\dataset_HE_L\leaf_blast_HE_L\leaf_blast-349-_jpg.rf.b07b492cfd2817cbd65f824d010a1d34 HE_L.jpg,0.2791
leaf_blast-35-_jpg.rf.1052f46f7efc8c17488e42c6dbbb83b1.jpg,C:\Users\ihver\Desktop\ay2023-2024-2nd-sem-cmsc190-sp2-ihvergara\images\dataset_HE_L\leaf_blast_HE_L\leaf_blast-35-_jpg.rf.1052f46f7efc8c17488e42c6dbbb83b1 HE_L.jpg,0.2328
leaf_blast-350-_jpg.rf.884296e087ef9bf04a9c047d6647b8c0.jpg,C:\Users\ihver\Desktop\ay2023-2024-2nd-sem-cmsc190-sp2-ihvergara\images\dataset_HE_L\leaf_blast_HE_L\leaf_blast-350-_jpg.rf.884296e087ef9bf04a9c047d6647b8c0 HE_L.jpg,0.3032
leaf_blast-36-_jpg.rf.f9afeba5afe60290e2def443b4031174.jpg,C:\Users\ihver\Desktop\ay2023-2024-2nd-sem-cmsc190-sp2-ihvergara\images\dataset_HE_L\leaf_blast_HE_L\leaf_blast-36-_jpg.rf.f9afeba5afe60290e2def443b4031174 HE_L.jpg,0.3866
leaf_blast-37-_jpg.rf.07e952a9b835cf0a19ccc14774bd461d.jpg,C:\Users\ihver\Desktop\ay2023-2024-2nd-sem-cmsc190-sp2-ihvergara\images\dataset_HE_L\leaf_blast_HE_L\leaf_blast-37-_jpg.rf.07e952a9b835cf0a19ccc14774bd461d HE_L.jpg,0.5847
leaf_blast-38-_jpg.rf.4e4b268276820a7adbea47081ccfdbb4.jpg,C:\Users\ihver\Desktop\ay2023-2024-2nd-sem-cmsc190-sp2-ihvergara\images\dataset_HE_L\leaf_blast_HE_L\leaf_blast-38-_jpg.rf.4e4b268276820a7adbea47081ccfdbb4 HE_L.jpg,0.6461
leaf_blast-39-_jpg.rf.e1326da0bbf3d994b88607aab1aa2e02.jpg,C:\Users\ihver\Desktop\ay2023-2024-2nd-sem-cmsc190-sp2-ihvergara\images\dataset_HE_L\leaf_blast_HE_L\leaf_blast-39-_jpg.rf.e1326da0bbf3d994b88607aab1aa2e02 HE_L.jpg,0.6299
leaf_blast-4-_jpg.rf.a4a0693ed2dff58c576fcdfb4318f8bf.jpg,C:\Users\ihver\Desktop\ay2023-2024-2nd-sem-cmsc190-sp2-ihvergara\images\dataset_HE_L\leaf_blast_HE_L\leaf_blast-4-_jpg.rf.a4a0693ed2dff58c576fcdfb4318f8bf HE_L.jpg,0.3190
leaf_blast-40-_jpg.rf.770a4522588ba3e0d59dbb0efe170903.jpg,C:\Users\ihver\Desktop\ay2023-2024-2nd-sem-cmsc190-sp2-ihvergara\images\dataset_HE_L\leaf_blast_HE_L\leaf_blast-40-_jpg.rf.770a4522588ba3e0d59dbb0efe170903 HE_L.jpg,0.5686
leaf_blast-41-_jpg.rf.794d45988f3058c4b80025d99977e80a.jpg,C:\Users\ihver\Desktop\ay2023-2024-2nd-sem-cmsc190-sp2-ihvergara\images\dataset_HE_L\leaf_blast_HE_L\leaf_blast-41-_jpg.rf.794d45988f3058c4b80025d99977e80a HE_L.jpg,0.3881
leaf_blast-42-_jpg.rf.4f91572f1eef68cd5c9865c0ca490f3b.jpg,C:\Users\ihver\Desktop\ay2023-2024-2nd-sem-cmsc190-sp2-ihvergara\images\dataset_HE_L\leaf_blast_HE_L\leaf_blast-42-_jpg.rf.4f91572f1eef68cd5c9865c0ca490f3b HE_L.jpg,0.6611
leaf_blast-43-_jpg.rf.9c17381f2ca25d6ca4c844b5d387dac5.jpg,C:\Users\ihver\Desktop\ay2023-2024-2nd-sem-cmsc190-sp2-ihvergara\images\dataset_HE_L\leaf_blast_HE_L\leaf_blast-43-_jpg.rf.9c17381f2ca25d6ca4c844b5d387dac5 HE_L.jpg,0.6482
leaf_blast-44-_jpg.rf.b9d90b615ac1e56e099ce4a1f29feda1.jpg,C:\Users\ihver\Desktop\ay2023-2024-2nd-sem-cmsc190-sp2-ihvergara\images\dataset_HE_L\leaf_blast_HE_L\leaf_blast-44-_jpg.rf.b9d90b615ac1e56e099ce4a1f29feda1 HE_L.jpg,0.6660
leaf_blast-45-_jpg.rf.9b33a6d57790b1393338676f1020c653.jpg,C:\Users\ihver\Desktop\ay2023-2024-2nd-sem-cmsc190-sp2-ihvergara\images\dataset_HE_L\leaf_blast_HE_L\leaf_blast-45-_jpg.rf.9b33a6d57790b1393338676f1020c653 HE_L.jpg,0.4052
leaf_blast-46-_jpg.rf.68ba0c166f982e292401c38787fcf596.jpg,C:\Users\ihver\Desktop\ay2023-2024-2nd-sem-cmsc190-sp2-ihvergara\images\dataset_HE_L\leaf_blast_HE_L\leaf_blast-46-_jpg.rf.68ba0c166f982e292401c38787fcf596 HE_L.jpg,0.3691
leaf_blast-47-_jpg.rf.db762955840ef9fce377e712ab3575cd.jpg,C:\Users\ihver\Desktop\ay2023-2024-2nd-sem-cmsc190-sp2-ihvergara\images\dataset_HE_L\leaf_blast_HE_L\leaf_blast-47-_jpg.rf.db762955840ef9fce377e712ab3575cd HE_L.jpg,0.4807
leaf_blast-48-_jpg.rf.dd1e3e12a3b6bcc040f3be352d132e60.jpg,C:\Users\ihver\Desktop\ay2023-2024-2nd-sem-cmsc190-sp2-ihvergara\images\dataset_HE_L\leaf_blast_HE_L\leaf_blast-48-_jpg.rf.dd1e3e12a3b6bcc040f3be352d132e60 HE_L.jpg,0.1736
leaf_blast-49-_jpg.rf.8f70906b9727bdfe7d16bb79599e6203.jpg,C:\Users\ihver\Desktop\ay2023-2024-2nd-sem-cmsc190-sp2-ihvergara\images\dataset_HE_L\leaf_blast_HE_L\leaf_blast-49-_jpg.rf.8f70906b9727bdfe7d16bb79599e6203 HE_L.jpg,0.8356
leaf_blast-5-_jpg.rf.c6aa30ae74b01f83aeb17e9f959c5fcf.jpg,C:\Users\ihver\Desktop\ay2023-2024-2nd-sem-cmsc190-sp2-ihvergara\images\dataset_HE_L\leaf_blast_HE_L\leaf_blast-5-_jpg.rf.c6aa30ae74b01f83aeb17e9f959c5fcf HE_L.jpg,0.3108
leaf_blast-50-_jpg.rf.b97e81e34065c82409ccc9ea93b83de2.jpg,C:\Users\ihver\Desktop\ay2023-2024-2nd-sem-cmsc190-sp2-ihvergara\images\dataset_HE_L\leaf_blast_HE_L\leaf_blast-50-_jpg.rf.b97e81e34065c82409ccc9ea93b83de2 HE_L.jpg,0.7572
leaf_blast-51-_jpg.rf.5e7e68e8665565e09e8d5021003ab7e3.jpg,C:\Users\ihver\Desktop\ay2023-2024-2nd-sem-cmsc190-sp2-ihvergara\images\dataset_HE_L\leaf_blast_HE_L\leaf_blast-51-_jpg.rf.5e7e68e8665565e09e8d5021003ab7e3 HE_L.jpg,0.4639
leaf_blast-53-_jpg.rf.4c2a036291e3699608edf4be70b3730b.jpg,C:\Users\ihver\Desktop\ay2023-2024-2nd-sem-cmsc190-sp2-ihvergara\images\dataset_HE_L\leaf_blast_HE_L\leaf_blast-53-_jpg.rf.4c2a036291e3699608edf4be70b3730b HE_L.jpg,0.8371
leaf_blast-54-_jpg.rf.1bd39864280c1e9cc69874f3df01025c.jpg,C:\Users\ihver\Desktop\ay2023-2024-2nd-sem-cmsc190-sp2-ihvergara\images\dataset_HE_L\leaf_blast_HE_L\leaf_blast-54-_jpg.rf.1bd39864280c1e9cc69874f3df01025c HE_L.jpg,0.7671
leaf_blast-55-_jpg.rf.d732c66134dda835733fd157767e74f6.jpg,C:\Users\ihver\Desktop\ay2023-2024-2nd-sem-cmsc190-sp2-ihvergara\images\dataset_HE_L\leaf_blast_HE_L\leaf_blast-55-_jpg.rf.d732c66134dda835733fd157767e74f6 HE_L.jpg,0.8328
leaf_blast-56-_jpg.rf.a8221d8a351c9b798d7df821530bede8.jpg,C:\Users\ihver\Desktop\ay2023-2024-2nd-sem-cmsc190-sp2-ihvergara\images\dataset_HE_L\leaf_blast_HE_L\leaf_blast-56-_jpg.rf.a8221d8a351c9b798d7df821530bede8 HE_L.jpg,0.1969
leaf_blast-57-_jpg.rf.58a393b3f8ea0dad79dadf93acafd83e.jpg,C:\Users\ihver\Desktop\ay2023-2024-2nd-sem-cmsc190-sp2-ihvergara\images\dataset_HE_L\leaf_blast_HE_L\leaf_blast-57-_jpg.rf.58a393b3f8ea0dad79dadf93acafd83e HE_L.jpg,0.3814
leaf_blast-58-_jpg.rf.40a71971bc7b9ddf5c4102755d87542e.jpg,C:\Users\ihver\Desktop\ay2023-2024-2nd-sem-cmsc190-sp2-ihvergara\images\dataset_HE_L\leaf_blast_HE_L\leaf_blast-58-_jpg.rf.40a71971bc7b9ddf5c4102755d87542e HE_L.jpg,0.4181
leaf_blast-59-_jpg.rf.fbf5205e5312c2934cdc107e51e04ab1.jpg,C:\Users\ihver\Desktop\ay2023-2024-2nd-sem-cmsc190-sp2-ihvergara\images\dataset_HE_L\leaf_blast_HE_L\leaf_blast-59-_jpg.rf.fbf5205e5312c2934cdc107e51e04ab1 HE_L.jpg,0.3052
leaf_blast-6-_jpg.rf.f241a23d8e915a9306c00a72236de8ba.jpg,C:\Users\ihver\Desktop\ay2023-2024-2nd-sem-cmsc190-sp2-ihvergara\images\dataset_HE_L\leaf_blast_HE_L\leaf_blast-6-_jpg.rf.f241a23d8e915a9306c00a72236de8ba HE_L.jpg,0.1996
leaf_blast-60-_jpg.rf.eb5372cb34be7000ec8cef5c722d1d4b.jpg,C:\Users\ihver\Desktop\ay2023-2024-2nd-sem-cmsc190-sp2-ihvergara\images\dataset_HE_L\leaf_blast_HE_L\leaf_blast-60-_jpg.rf.eb5372cb34be7000ec8cef5c722d1d4b HE_L.jpg,0.2471
leaf_blast-61-_jpg.rf.f1c03c090ffefe7a727352aeb5be716a.jpg,C:\Users\ihver\Desktop\ay2023-2024-2nd-sem-cmsc190-sp2-ihvergara\images\dataset_HE_L\leaf_blast_HE_L\leaf_blast-61-_jpg.rf.f1c03c090ffefe7a727352aeb5be716a HE_L.jpg,0.3883
leaf_blast-62-_jpg.rf.d979835464e46394fef9adf4961fed79.jpg,C:\Users\ihver\Desktop\ay2023-2024-2nd-sem-cmsc190-sp2-ihvergara\images\dataset_HE_L\leaf_blast_HE_L\leaf_blast-62-_jpg.rf.d979835464e46394fef9adf4961fed79 HE_L.jpg,0.6610
leaf_blast-63-_jpg.rf.ee65a53b39effa216bd0e3b06b611bc3.jpg,C:\Users\ihver\Desktop\ay2023-2024-2nd-sem-cmsc190-sp2-ihvergara\images\dataset_HE_L\leaf_blast_HE_L\leaf_blast-63-_jpg.rf.ee65a53b39effa216bd0e3b06b611bc3 HE_L.jpg,0.6479
leaf_blast-64-_jpg.rf.3b3f805dd848a6f985ac1d5bb9cc3cd6.jpg,C:\Users\ihver\Desktop\ay2023-2024-2nd-sem-cmsc190-sp2-ihvergara\images\dataset_HE_L\leaf_blast_HE_L\leaf_blast-64-_jpg.rf.3b3f805dd848a6f985ac1d5bb9cc3cd6 HE_L.jpg,0.6656
leaf_blast-65-_jpg.rf.f29f7934b1c4cee901d90ed28b4aef8c.jpg,C:\Users\ihver\Desktop\ay2023-2024-2nd-sem-cmsc190-sp2-ihvergara\images\dataset_HE_L\leaf_blast_HE_L\leaf_blast-65-_jpg.rf.f29f7934b1c4cee901d90ed28b4aef8c HE_L.jpg,0.3801
leaf_blast-66-_jpg.rf.a1895d96612f22a14b7d9e3403b9c1cf.jpg,C:\Users\ihver\Desktop\ay2023-2024-2nd-sem-cmsc190-sp2-ihvergara\images\dataset_HE_L\leaf_blast_HE_L\leaf_blast-66-_jpg.rf.a1895d96612f22a14b7d9e3403b9c1cf HE_L.jpg,0.4055
leaf_blast-67-_jpg.rf.15080500daa177312d75a6c7435488eb.jpg,C:\Users\ihver\Desktop\ay2023-2024-2nd-sem-cmsc190-sp2-ihvergara\images\dataset_HE_L\leaf_blast_HE_L\leaf_blast-67-_jpg.rf.15080500daa177312d75a6c7435488eb HE_L.jpg,0.4806
leaf_blast-68-_jpg.rf.e9f6d77271fad2c8744c5f4d611e673e.jpg,C:\Users\ihver\Desktop\ay2023-2024-2nd-sem-cmsc190-sp2-ihvergara\images\dataset_HE_L\leaf_blast_HE_L\leaf_blast-68-_jpg.rf.e9f6d77271fad2c8744c5f4d611e673e HE_L.jpg,0.1738
leaf_blast-69-_jpg.rf.04ab182b81b2d50f420c1e413ed83ce7.jpg,C:\Users\ihver\Desktop\ay2023-2024-2nd-sem-cmsc190-sp2-ihvergara\images\dataset_HE_L\leaf_blast_HE_L\leaf_blast-69-_jpg.rf.04ab182b81b2d50f420c1e413ed83ce7 HE_L.jpg,0.1831
leaf_blast-7-_jpg.rf.ddddbee02b2e8604c4e0532588117d88.jpg,C:\Users\ihver\Desktop\ay2023-2024-2nd-sem-cmsc190-sp2-ihvergara\images\dataset_HE_L\leaf_blast_HE_L\leaf_blast-7-_jpg.rf.ddddbee02b2e8604c4e0532588117d88 HE_L.jpg,0.2873
leaf_blast-70-_jpg.rf.be0c1ead02dfbd64b81df81db4e3ec18.jpg,C:\Users\ihver\Desktop\ay2023-2024-2nd-sem-cmsc190-sp2-ihvergara\images\dataset_HE_L\leaf_blast_HE_L\leaf_blast-70-_jpg.rf.be0c1ead02dfbd64b81df81db4e3ec18 HE_L.jpg,0.8374
leaf_blast-71-_jpg.rf.c09ef056fcca0a187438dcfdf893f578.jpg,C:\Users\ihver\Desktop\ay2023-2024-2nd-sem-cmsc190-sp2-ihvergara\images\dataset_HE_L\leaf_blast_HE_L\leaf_blast-71-_jpg.rf.c09ef056fcca0a187438dcfdf893f578 HE_L.jpg,0.8544
leaf_blast-72-_jpg.rf.4d844cec980f0d38f3674c94448a4fb4.jpg,C:\Users\ihver\Desktop\ay2023-2024-2nd-sem-cmsc190-sp2-ihvergara\images\dataset_HE_L\leaf_blast_HE_L\leaf_blast-72-_jpg.rf.4d844cec980f0d38f3674c94448a4fb4 HE_L.jpg,0.8883
leaf_blast-73-_jpg.rf.0bf1bff904ee66f7bbc5ca45727b0c87.jpg,C:\Users\ihver\Desktop\ay2023-2024-2nd-sem-cmsc190-sp2-ihvergara\images\dataset_HE_L\leaf_blast_HE_L\leaf_blast-73-_jpg.rf.0bf1bff904ee66f7bbc5ca45727b0c87 HE_L.jpg,0.8886
leaf_blast-74-_jpg.rf.9bb70c3edd787c3e75217ba73bf76c2b.jpg,C:\Users\ihver\Desktop\ay2023-2024-2nd-sem-cmsc190-sp2-ihvergara\images\dataset_HE_L\leaf_blast_HE_L\leaf_blast-74-_jpg.rf.9bb70c3edd787c3e75217ba73bf76c2b HE_L.jpg,0.9010
leaf_blast-75-_jpg.rf.5fc781f8de3cc4cf0fef6ed1effeb0d3.jpg,C:\Users\ihver\Desktop\ay2023-2024-2nd-sem-cmsc190-sp2-ihvergara\images\dataset_HE_L\leaf_blast_HE_L\leaf_blast-75-_jpg.rf.5fc781f8de3cc4cf0fef6ed1effeb0d3 HE_L.jpg,0.8876
leaf_blast-76-_jpg.rf.394021ef774c7ea0c8e1bc692a640310.jpg,C:\Users\ihver\Desktop\ay2023-2024-2nd-sem-cmsc190-sp2-ihvergara\images\dataset_HE_L\leaf_blast_HE_L\leaf_blast-76-_jpg.rf.394021ef774c7ea0c8e1bc692a640310 HE_L.jpg,0.8886
leaf_blast-77-_jpg.rf.efecd8811979e21fe26789f7fc5a397f.jpg,C:\Users\ihver\Desktop\ay2023-2024-2nd-sem-cmsc190-sp2-ihvergara\images\dataset_HE_L\leaf_blast_HE_L\leaf_blast-77-_jpg.rf.efecd8811979e21fe26789f7fc5a397f HE_L.jpg,0.8875
leaf_blast-78-_jpg.rf.1773cd556035d953caa2e9e3c1e39f32.jpg,C:\Users\ihver\Desktop\ay2023-2024-2nd-sem-cmsc190-sp2-ihvergara\images\dataset_HE_L\leaf_blast_HE_L\leaf_blast-78-_jpg.rf.1773cd556035d953caa2e9e3c1e39f32 HE_L.jpg,0.7669
leaf_blast-79-_jpg.rf.6a4c953f287e0f7efac96a2a45fc16e8.jpg,C:\Users\ihver\Desktop\ay2023-2024-2nd-sem-cmsc190-sp2-ihvergara\images\dataset_HE_L\leaf_blast_HE_L\leaf_blast-79-_jpg.rf.6a4c953f287e0f7efac96a2a45fc16e8 HE_L.jpg,0.5136
leaf_blast-8-_jpg.rf.a87b993e7fdc36430d6fd31a603d425c.jpg,C:\Users\ihver\Desktop\ay2023-2024-2nd-sem-cmsc190-sp2-ihvergara\images\dataset_HE_L\leaf_blast_HE_L\leaf_blast-8-_jpg.rf.a87b993e7fdc36430d6fd31a603d425c HE_L.jpg,0.2575
leaf_blast-80-_jpg.rf.56fe11ea56486cd40366eb8c5a870131.jpg,C:\Users\ihver\Desktop\ay2023-2024-2nd-sem-cmsc190-sp2-ihvergara\images\dataset_HE_L\leaf_blast_HE_L\leaf_blast-80-_jpg.rf.56fe11ea56486cd40366eb8c5a870131 HE_L.jpg,0.5486
leaf_blast-81-_jpg.rf.af1f13442ce262032afe13d0e95942e0.jpg,C:\Users\ihver\Desktop\ay2023-2024-2nd-sem-cmsc190-sp2-ihvergara\images\dataset_HE_L\leaf_blast_HE_L\leaf_blast-81-_jpg.rf.af1f13442ce262032afe13d0e95942e0 HE_L.jpg,0.5244
leaf_blast-82-_jpg.rf.0f54e0084514af743683067ccba0dd68.jpg,C:\Users\ihver\Desktop\ay2023-2024-2nd-sem-cmsc190-sp2-ihvergara\images\dataset_HE_L\leaf_blast_HE_L\leaf_blast-82-_jpg.rf.0f54e0084514af743683067ccba0dd68 HE_L.jpg,0.5691
leaf_blast-83-_jpg.rf.976523e4554716f035f4a31a33c7a57f.jpg,C:\Users\ihver\Desktop\ay2023-2024-2nd-sem-cmsc190-sp2-ihvergara\images\dataset_HE_L\leaf_blast_HE_L\leaf_blast-83-_jpg.rf.976523e4554716f035f4a31a33c7a57f HE_L.jpg,0.5382
leaf_blast-84-_jpg.rf.749c98a7502c23cc1bbed200901e7688.jpg,C:\Users\ihver\Desktop\ay2023-2024-2nd-sem-cmsc190-sp2-ihvergara\images\dataset_HE_L\leaf_blast_HE_L\leaf_blast-84-_jpg.rf.749c98a7502c23cc1bbed200901e7688 HE_L.jpg,0.4522
leaf_blast-85-_jpg.rf.ad7a8a311b00a561b61740a8cc7207bb.jpg,C:\Users\ihver\Desktop\ay2023-2024-2nd-sem-cmsc190-sp2-ihvergara\images\dataset_HE_L\leaf_blast_HE_L\leaf_blast-85-_jpg.rf.ad7a8a311b00a561b61740a8cc7207bb HE_L.jpg,0.7215
leaf_blast-86-_jpg.rf.dffdd937a191708cc2c7d79170f9e319.jpg,C:\Users\ihver\Desktop\ay2023-2024-2nd-sem-cmsc190-sp2-ihvergara\images\dataset_HE_L\leaf_blast_HE_L\leaf_blast-86-_jpg.rf.dffdd937a191708cc2c7d79170f9e319 HE_L.jpg,0.5231
leaf_blast-87-_jpg.rf.0449a2c099342dac43a108a9b78fa35a.jpg,C:\Users\ihver\Desktop\ay2023-2024-2nd-sem-cmsc190-sp2-ihvergara\images\dataset_HE_L\leaf_blast_HE_L\leaf_blast-87-_jpg.rf.0449a2c099342dac43a108a9b78fa35a HE_L.jpg,0.5185
leaf_blast-88-_jpg.rf.f6d8257e146aa9151248774bdd297a02.jpg,C:\Users\ihver\Desktop\ay2023-2024-2nd-sem-cmsc190-sp2-ihvergara\images\dataset_HE_L\leaf_blast_HE_L\leaf_blast-88-_jpg.rf.f6d8257e146aa9151248774bdd297a02 HE_L.jpg,0.5461
leaf_blast-89-_jpg.rf.08e86ad5beb49fb0a8dece0ec28f8989.jpg,C:\Users\ihver\Desktop\ay2023-2024-2nd-sem-cmsc190-sp2-ihvergara\images\dataset_HE_L\leaf_blast_HE_L\leaf_blast-89-_jpg.rf.08e86ad5beb49fb0a8dece0ec28f8989 HE_L.jpg,0.5554
leaf_blast-9-_jpg.rf.60b152c16764f256d2c87681923f8a47.jpg,C:\Users\ihver\Desktop\ay2023-2024-2nd-sem-cmsc190-sp2-ihvergara\images\dataset_HE_L\leaf_blast_HE_L\leaf_blast-9-_jpg.rf.60b152c16764f256d2c87681923f8a47 HE_L.jpg,0.2208
leaf_blast-90-_jpg.rf.353c0f5054b2eef4dee0f8e94bcc2612.jpg,C:\Users\ihver\Desktop\ay2023-2024-2nd-sem-cmsc190-sp2-ihvergara\images\dataset_HE_L\leaf_blast_HE_L\leaf_blast-90-_jpg.rf.353c0f5054b2eef4dee0f8e94bcc2612 HE_L.jpg,0.6167
leaf_blast-91-_jpg.rf.9723cf56fa4109fd987891a9a6829ddd.jpg,C:\Users\ihver\Desktop\ay2023-2024-2nd-sem-cmsc190-sp2-ihvergara\images\dataset_HE_L\leaf_blast_HE_L\leaf_blast-91-_jpg.rf.9723cf56fa4109fd987891a9a6829ddd HE_L.jpg,0.6681
leaf_blast-92-_jpg.rf.412c07eb989a2704fd120153d84dcde5.jpg,C:\Users\ihver\Desktop\ay2023-2024-2nd-sem-cmsc190-sp2-ihvergara\images\dataset_HE_L\leaf_blast_HE_L\leaf_blast-92-_jpg.rf.412c07eb989a2704fd120153d84dcde5 HE_L.jpg,0.5569
leaf_blast-93-_jpg.rf.39e5fd4f4200be535d3e487acbed6e54.jpg,C:\Users\ihver\Desktop\ay2023-2024-2nd-sem-cmsc190-sp2-ihvergara\images\dataset_HE_L\leaf_blast_HE_L\leaf_blast-93-_jpg.rf.39e5fd4f4200be535d3e487acbed6e54 HE_L.jpg,0.5767
leaf_blast-94-_jpg.rf.decf81b4595916acf1cf8738a5463ce8.jpg,C:\Users\ihver\Desktop\ay2023-2024-2nd-sem-cmsc190-sp2-ihvergara\images\dataset_HE_L\leaf_blast_HE_L\leaf_blast-94-_jpg.rf.decf81b4595916acf1cf8738a5463ce8 HE_L.jpg,0.5207
leaf_blast-95-_jpg.rf.f2f40011b47e9daec43592afc7028d18.jpg,C:\Users\ihver\Desktop\ay2023-2024-2nd-sem-cmsc190-sp2-ihvergara\images\dataset_HE_L\leaf_blast_HE_L\leaf_blast-95-_jpg.rf.f2f40011b47e9daec43592afc7028d18 HE_L.jpg,0.5713
leaf_blast-96-_jpg.rf.0b82886090bf21c07f56bd720721d13b.jpg,C:\Users\ihver\Desktop\ay2023-2024-2nd-sem-cmsc190-sp2-ihvergara\images\dataset_HE_L\leaf_blast_HE_L\leaf_blast-96-_jpg.rf.0b82886090bf21c07f56bd720721d13b HE_L.jpg,0.4140
leaf_blast-97-_jpg.rf.a6d7de0148951aaa26682d4cd40e41e8.jpg,C:\Users\ihver\Desktop\ay2023-2024-2nd-sem-cmsc190-sp2-ihvergara\images\dataset_HE_L\leaf_blast_HE_L\leaf_blast-97-_jpg.rf.a6d7de0148951aaa26682d4cd40e41e8 HE_L.jpg,0.3517
leaf_blast-98-_jpg.rf.48150cd1052bbaabcfc901b0ea30c746.jpg,C:\Users\ihver\Desktop\ay2023-2024-2nd-sem-cmsc190-sp2-ihvergara\images\dataset_HE_L\leaf_blast_HE_L\leaf_blast-98-_jpg.rf.48150cd1052bbaabcfc901b0ea30c746 HE_L.jpg,0.2676
leaf_blast-99-_jpg.rf.91e137a43c0e24912257866b188bc4ad.jpg,C:\Users\ihver\Desktop\ay2023-2024-2nd-sem-cmsc190-sp2-ihvergara\images\dataset_HE_L\leaf_blast_HE_L\leaf_blast-99-_jpg.rf.91e137a43c0e24912257866b188bc4ad HE_L.jpg,0.3260
leaf_blast_val-1-_jpg.rf.8cbb39d1aaf01da7a9c97d4a86cf85e3.jpg,C:\Users\ihver\Desktop\ay2023-2024-2nd-sem-cmsc190-sp2-ihvergara\images\dataset_HE_L\leaf_blast_HE_L\leaf_blast_val-1-_jpg.rf.8cbb39d1aaf01da7a9c97d4a86cf85e3 HE_L.jpg,0.1703
leaf_blast_val-10-_jpg.rf.14c2c2a6a2df440c7e60b971b8a2b6c5.jpg,C:\Users\ihver\Desktop\ay2023-2024-2nd-sem-cmsc190-sp2-ihvergara\images\dataset_HE_L\leaf_blast_HE_L\leaf_blast_val-10-_jpg.rf.14c2c2a6a2df440c7e60b971b8a2b6c5 HE_L.jpg,0.3800
leaf_blast_val-11-_jpg.rf.70636c4e30facee7fda8ac50058dc632.jpg,C:\Users\ihver\Desktop\ay2023-2024-2nd-sem-cmsc190-sp2-ihvergara\images\dataset_HE_L\leaf_blast_HE_L\leaf_blast_val-11-_jpg.rf.70636c4e30facee7fda8ac50058dc632 HE_L.jpg,0.1832
leaf_blast_val-12-_jpg.rf.35ad05459bb0ffb73f1d1795b6d87476.jpg,C:\Users\ihver\Desktop\ay2023-2024-2nd-sem-cmsc190-sp2-ihvergara\images\dataset_HE_L\leaf_blast_HE_L\leaf_blast_val-12-_jpg.rf.35ad05459bb0ffb73f1d1795b6d87476 HE_L.jpg,0.8591
leaf_blast_val-13-_jpg.rf.fe8e5708dcec0d755769adbc63762f03.jpg,C:\Users\ihver\Desktop\ay2023-2024-2nd-sem-cmsc190-sp2-ihvergara\images\dataset_HE_L\leaf_blast_HE_L\leaf_blast_val-13-_jpg.rf.fe8e5708dcec0d755769adbc63762f03 HE_L.jpg,0.4496
leaf_blast_val-14-_jpg.rf.8756d64ecad9217fe10d56541892e583.jpg,C:\Users\ihver\Desktop\ay2023-2024-2nd-sem-cmsc190-sp2-ihvergara\images\dataset_HE_L\leaf_blast_HE_L\leaf_blast_val-14-_jpg.rf.8756d64ecad9217fe10d56541892e583 HE_L.jpg,0.5702
leaf_blast_val-15-_jpg.rf.a46c06796e937355f3e5060d170e02f8.jpg,C:\Users\ihver\Desktop\ay2023-2024-2nd-sem-cmsc190-sp2-ihvergara\images\dataset_HE_L\leaf_blast_HE_L\leaf_blast_val-15-_jpg.rf.a46c06796e937355f3e5060d170e02f8 HE_L.jpg,0.3674
leaf_blast_val-16-_jpg.rf.6d72e2781a3785e63ddc421d308dc16b.jpg,C:\Users\ihver\Desktop\ay2023-2024-2nd-sem-cmsc190-sp2-ihvergara\images\dataset_HE_L\leaf_blast_HE_L\leaf_blast_val-16-_jpg.rf.6d72e2781a3785e63ddc421d308dc16b HE_L.jpg,0.7579
leaf_blast_val-17-_jpg.rf.733f3beef419c122980fb342e6c272c5.jpg,C:\Users\ihver\Desktop\ay2023-2024-2nd-sem-cmsc190-sp2-ihvergara\images\dataset_HE_L\leaf_blast_HE_L\leaf_blast_val-17-_jpg.rf.733f3beef419c122980fb342e6c272c5 HE_L.jpg,0.8550
leaf_blast_val-18-_jpg.rf.887eaa1782634e9f18748206fbbaf32e.jpg,C:\Users\ihver\Desktop\ay2023-2024-2nd-sem-cmsc190-sp2-ihvergara\images\dataset_HE_L\leaf_blast_HE_L\leaf_blast_val-18-_jpg.rf.887eaa1782634e9f18748206fbbaf32e HE_L.jpg,0.3008
leaf_blast_val-19-_jpg.rf.0652172db723db0efbc38628962a6b8a.jpg,C:\Users\ihver\Desktop\ay2023-2024-2nd-sem-cmsc190-sp2-ihvergara\images\dataset_HE_L\leaf_blast_HE_L\leaf_blast_val-19-_jpg.rf.0652172db723db0efbc38628962a6b8a HE_L.jpg,0.4938
leaf_blast_val-2-_jpg.rf.8a5efe4953ba397febe2b40f878330a6.jpg,C:\Users\ihver\Desktop\ay2023-2024-2nd-sem-cmsc190-sp2-ihvergara\images\dataset_HE_L\leaf_blast_HE_L\leaf_blast_val-2-_jpg.rf.8a5efe4953ba397febe2b40f878330a6 HE_L.jpg,0.3141
leaf_blast_val-20-_jpg.rf.bab59e92429f3c3ef09764b3355324c2.jpg,C:\Users\ihver\Desktop\ay2023-2024-2nd-sem-cmsc190-sp2-ihvergara\images\dataset_HE_L\leaf_blast_HE_L\leaf_blast_val-20-_jpg.rf.bab59e92429f3c3ef09764b3355324c2 HE_L.jpg,0.5266
leaf_blast_val-21-_jpg.rf.ab5155604a8e08c1d66da9ef416f4114.jpg,C:\Users\ihver\Desktop\ay2023-2024-2nd-sem-cmsc190-sp2-ihvergara\images\dataset_HE_L\leaf_blast_HE_L\leaf_blast_val-21-_jpg.rf.ab5155604a8e08c1d66da9ef416f4114 HE_L.jpg,0.3716
leaf_blast_val-22-_jpg.rf.28858060d2a2c1d9461b11be9db530d9.jpg,C:\Users\ihver\Desktop\ay2023-2024-2nd-sem-cmsc190-sp2-ihvergara\images\dataset_HE_L\leaf_blast_HE_L\leaf_blast_val-22-_jpg.rf.28858060d2a2c1d9461b11be9db530d9 HE_L.jpg,0.2511
leaf_blast_val-23-_jpg.rf.6c4dd3066af505fcb42034abddfc7852.jpg,C:\Users\ihver\Desktop\ay2023-2024-2nd-sem-cmsc190-sp2-ihvergara\images\dataset_HE_L\leaf_blast_HE_L\leaf_blast_val-23-_jpg.rf.6c4dd3066af505fcb42034abddfc7852 HE_L.jpg,0.2691
leaf_blast_val-24-_jpg.rf.dc857e99a2a96883bf3b5d2ce2c8c77f.jpg,C:\Users\ihver\Desktop\ay2023-2024-2nd-sem-cmsc190-sp2-ihvergara\images\dataset_HE_L\leaf_blast_HE_L\leaf_blast_val-24-_jpg.rf.dc857e99a2a96883bf3b5d2ce2c8c77f HE_L.jpg,0.5501
leaf_blast_val-25-_jpg.rf.2d930d6331d754f5dca65c33a642418d.jpg,C:\Users\ihver\Desktop\ay2023-2024-2nd-sem-cmsc190-sp2-ihvergara\images\dataset_HE_L\leaf_blast_HE_L\leaf_blast_val-25-_jpg.rf.2d930d6331d754f5dca65c33a642418d HE_L.jpg,0.3674
leaf_blast_val-26-_jpg.rf.30cbc4bdd3b3df33a3b96cf75b714f85.jpg,C:\Users\ihver\Desktop\ay2023-2024-2nd-sem-cmsc190-sp2-ihvergara\images\dataset_HE_L\leaf_blast_HE_L\leaf_blast_val-26-_jpg.rf.30cbc4bdd3b3df33a3b96cf75b714f85 HE_L.jpg,0.3628
leaf_blast_val-27-_jpg.rf.08ccebd47f51ce69f507696ab480d1f4.jpg,C:\Users\ihver\Desktop\ay2023-2024-2nd-sem-cmsc190-sp2-ihvergara\images\dataset_HE_L\leaf_blast_HE_L\leaf_blast_val-27-_jpg.rf.08ccebd47f51ce69f507696ab480d1f4 HE_L.jpg,0.7102
leaf_blast_val-28-_jpg.rf.549d55495643d298f085f0b8a10bd795.jpg,C:\Users\ihver\Desktop\ay2023-2024-2nd-sem-cmsc190-sp2-ihvergara\images\dataset_HE_L\leaf_blast_HE_L\leaf_blast_val-28-_jpg.rf.549d55495643d298f085f0b8a10bd795 HE_L.jpg,0.3068
leaf_blast_val-29-_jpg.rf.ad1ab7c9360aec0904f986326e9f408f.jpg,C:\Users\ihver\Desktop\ay2023-2024-2nd-sem-cmsc190-sp2-ihvergara\images\dataset_HE_L\leaf_blast_HE_L\leaf_blast_val-29-_jpg.rf.ad1ab7c9360aec0904f986326e9f408f HE_L.jpg,0.3028
leaf_blast_val-3-_jpg.rf.d3600bd6d5443a76749ed244c1066b8e.jpg,C:\Users\ihver\Desktop\ay2023-2024-2nd-sem-cmsc190-sp2-ihvergara\images\dataset_HE_L\leaf_blast_HE_L\leaf_blast_val-3-_jpg.rf.d3600bd6d5443a76749ed244c1066b8e HE_L.jpg,0.4335
leaf_blast_val-30-_jpg.rf.896aaf1e6549cd3c9eb6dfa64db805eb.jpg,C:\Users\ihver\Desktop\ay2023-2024-2nd-sem-cmsc190-sp2-ihvergara\images\dataset_HE_L\leaf_blast_HE_L\leaf_blast_val-30-_jpg.rf.896aaf1e6549cd3c9eb6dfa64db805eb HE_L.jpg,0.3144
leaf_blast_val-31-_jpg.rf.d2465493eea7c466080c5c5fc06af271.jpg,C:\Users\ihver\Desktop\ay2023-2024-2nd-sem-cmsc190-sp2-ihvergara\images\dataset_HE_L\leaf_blast_HE_L\leaf_blast_val-31-_jpg.rf.d2465493eea7c466080c5c5fc06af271 HE_L.jpg,0.3013
leaf_blast_val-32-_jpg.rf.aaf0e6b41311e8877ac5ae6c172040bf.jpg,C:\Users\ihver\Desktop\ay2023-2024-2nd-sem-cmsc190-sp2-ihvergara\images\dataset_HE_L\leaf_blast_HE_L\leaf_blast_val-32-_jpg.rf.aaf0e6b41311e8877ac5ae6c172040bf HE_L.jpg,0.8322
leaf_blast_val-33-_jpg.rf.3a796464996cad7a69e4effacecb8533.jpg,C:\Users\ihver\Desktop\ay2023-2024-2nd-sem-cmsc190-sp2-ihvergara\images\dataset_HE_L\leaf_blast_HE_L\leaf_blast_val-33-_jpg.rf.3a796464996cad7a69e4effacecb8533 HE_L.jpg,0.7580
leaf_blast_val-34-_jpg.rf.09bc1670b3b5aac10ab03b326ab1b98e.jpg,C:\Users\ihver\Desktop\ay2023-2024-2nd-sem-cmsc190-sp2-ihvergara\images\dataset_HE_L\leaf_blast_HE_L\leaf_blast_val-34-_jpg.rf.09bc1670b3b5aac10ab03b326ab1b98e HE_L.jpg,0.8552
leaf_blast_val-36-_jpg.rf.74b40ff163adeb97451f88ed077e09b0.jpg,C:\Users\ihver\Desktop\ay2023-2024-2nd-sem-cmsc190-sp2-ihvergara\images\dataset_HE_L\leaf_blast_HE_L\leaf_blast_val-36-_jpg.rf.74b40ff163adeb97451f88ed077e09b0 HE_L.jpg,0.9006
leaf_blast_val-37-_jpg.rf.8b851fc0a315459088604ccba1ce7b79.jpg,C:\Users\ihver\Desktop\ay2023-2024-2nd-sem-cmsc190-sp2-ihvergara\images\dataset_HE_L\leaf_blast_HE_L\leaf_blast_val-37-_jpg.rf.8b851fc0a315459088604ccba1ce7b79 HE_L.jpg,0.8667
leaf_blast_val-38-_jpg.rf.d1b9ecc55a4647eb687fba9c0ea45d6e.jpg,C:\Users\ihver\Desktop\ay2023-2024-2nd-sem-cmsc190-sp2-ihvergara\images\dataset_HE_L\leaf_blast_HE_L\leaf_blast_val-38-_jpg.rf.d1b9ecc55a4647eb687fba9c0ea45d6e HE_L.jpg,0.8479
leaf_blast_val-4-_jpg.rf.a53887ea161cb2858fd47ba7e50ca8dd.jpg,C:\Users\ihver\Desktop\ay2023-2024-2nd-sem-cmsc190-sp2-ihvergara\images\dataset_HE_L\leaf_blast_HE_L\leaf_blast_val-4-_jpg.rf.a53887ea161cb2858fd47ba7e50ca8dd HE_L.jpg,0.5170
leaf_blast_val-40-_jpg.rf.978431102318f100923705790b18b7a2.jpg,C:\Users\ihver\Desktop\ay2023-2024-2nd-sem-cmsc190-sp2-ihvergara\images\dataset_HE_L\leaf_blast_HE_L\leaf_blast_val-40-_jpg.rf.978431102318f100923705790b18b7a2 HE_L.jpg,0.7672
leaf_blast_val-41-_jpg.rf.15ae1b59259298e5dc008a8db6e39769.jpg,C:\Users\ihver\Desktop\ay2023-2024-2nd-sem-cmsc190-sp2-ihvergara\images\dataset_HE_L\leaf_blast_HE_L\leaf_blast_val-41-_jpg.rf.15ae1b59259298e5dc008a8db6e39769 HE_L.jpg,0.8887
leaf_blast_val-42-_jpg.rf.31f72a948fe4b3942d8e0e262ffbf2c3.jpg,C:\Users\ihver\Desktop\ay2023-2024-2nd-sem-cmsc190-sp2-ihvergara\images\dataset_HE_L\leaf_blast_HE_L\leaf_blast_val-42-_jpg.rf.31f72a948fe4b3942d8e0e262ffbf2c3 HE_L.jpg,0.8671
leaf_blast_val-43-_jpg.rf.c69524482a9ae96dbaf7cb23121800a9.jpg,C:\Users\ihver\Desktop\ay2023-2024-2nd-sem-cmsc190-sp2-ihvergara\images\dataset_HE_L\leaf_blast_HE_L\leaf_blast_val-43-_jpg.rf.c69524482a9ae96dbaf7cb23121800a9 HE_L.jpg,0.8880
leaf_blast_val-44-_jpg.rf.591710ffa5bbde3fd377909923b29fdb.jpg,C:\Users\ihver\Desktop\ay2023-2024-2nd-sem-cmsc190-sp2-ihvergara\images\dataset_HE_L\leaf_blast_HE_L\leaf_blast_val-44-_jpg.rf.591710ffa5bbde3fd377909923b29fdb HE_L.jpg,0.2185
leaf_blast_val-45-_jpg.rf.0975bb0d03977846eca2981ba05cb81a.jpg,C:\Users\ihver\Desktop\ay2023-2024-2nd-sem-cmsc190-sp2-ihvergara\images\dataset_HE_L\leaf_blast_HE_L\leaf_blast_val-45-_jpg.rf.0975bb0d03977846eca2981ba05cb81a HE_L.jpg,0.2853
leaf_blast_val-46-_jpg.rf.9be89d6217d4531d125ca386e7aa343a.jpg,C:\Users\ihver\Desktop\ay2023-2024-2nd-sem-cmsc190-sp2-ihvergara\images\dataset_HE_L\leaf_blast_HE_L\leaf_blast_val-46-_jpg.rf.9be89d6217d4531d125ca386e7aa343a HE_L.jpg,0.3917
leaf_blast_val-47-_jpg.rf.6318b878111757656ab7626bad76d8b2.jpg,C:\Users\ihver\Desktop\ay2023-2024-2nd-sem-cmsc190-sp2-ihvergara\images\dataset_HE_L\leaf_blast_HE_L\leaf_blast_val-47-_jpg.rf.6318b878111757656ab7626bad76d8b2 HE_L.jpg,0.4449
leaf_blast_val-48-_jpg.rf.c064f8dfa81d92bdc29f660596643e3b.jpg,C:\Users\ihver\Desktop\ay2023-2024-2nd-sem-cmsc190-sp2-ihvergara\images\dataset_HE_L\leaf_blast_HE_L\leaf_blast_val-48-_jpg.rf.c064f8dfa81d92bdc29f660596643e3b HE_L.jpg,0.4186
leaf_blast_val-49-_jpg.rf.35db2661d9d29bf7746f785752b85c50.jpg,C:\Users\ihver\Desktop\ay2023-2024-2nd-sem-cmsc190-sp2-ihvergara\images\dataset_HE_L\leaf_blast_HE_L\leaf_blast_val-49-_jpg.rf.35db2661d9d29bf7746f785752b85c50 HE_L.jpg,0.7898
leaf_blast_val-5-_jpg.rf.3d34fae5cfb2748e735dd48a43f01fe7.jpg,C:\Users\ihver\Desktop\ay2023-2024-2nd-sem-cmsc190-sp2-ihvergara\images\dataset_HE_L\leaf_blast_HE_L\leaf_blast_val-5-_jpg.rf.3d34fae5cfb2748e735dd48a43f01fe7 HE_L.jpg,0.1929
leaf_blast_val-50-_jpg.rf.43a4bfd65dd3d06b84ca16491a14d909.jpg,C:\Users\ihver\Desktop\ay2023-2024-2nd-sem-cmsc190-sp2-ihvergara\images\dataset_HE_L\leaf_blast_HE_L\leaf_blast_val-50-_jpg.rf.43a4bfd65dd3d06b84ca16491a14d909 HE_L.jpg,0.2334
leaf_blast_val-51-_jpg.rf.833d0ab7b1b3d4f8237acdb23320bc79.jpg,C:\Users\ihver\Desktop\ay2023-2024-2nd-sem-cmsc190-sp2-ihvergara\images\dataset_HE_L\leaf_blast_HE_L\leaf_blast_val-51-_jpg.rf.833d0ab7b1b3d4f8237acdb23320bc79 HE_L.jpg,0.3701
leaf_blast_val-52-_jpg.rf.d31252e3830de6ba36546f756bf2254f.jpg,C:\Users\ihver\Desktop\ay2023-2024-2nd-sem-cmsc190-sp2-ihvergara\images\dataset_HE_L\leaf_blast_HE_L\leaf_blast_val-52-_jpg.rf.d31252e3830de6ba36546f756bf2254f HE_L.jpg,0.4018
leaf_blast_val-53-_jpg.rf.8fe15939f038a371adde29fd487b8d34.jpg,C:\Users\ihver\Desktop\ay2023-2024-2nd-sem-cmsc190-sp2-ihvergara\images\dataset_HE_L\leaf_blast_HE_L\leaf_blast_val-53-_jpg.rf.8fe15939f038a371adde29fd487b8d34 HE_L.jpg,0.6479
leaf_blast_val-54-_jpg.rf.f3d5c4491627ca56453177c4da9ef8dd.jpg,C:\Users\ihver\Desktop\ay2023-2024-2nd-sem-cmsc190-sp2-ihvergara\images\dataset_HE_L\leaf_blast_HE_L\leaf_blast_val-54-_jpg.rf.f3d5c4491627ca56453177c4da9ef8dd HE_L.jpg,0.2480
leaf_blast_val-55-_jpg.rf.e77033c35569606c4096a0649a70bfcd.jpg,C:\Users\ihver\Desktop\ay2023-2024-2nd-sem-cmsc190-sp2-ihvergara\images\dataset_HE_L\leaf_blast_HE_L\leaf_blast_val-55-_jpg.rf.e77033c35569606c4096a0649a70bfcd HE_L.jpg,0.3800
leaf_blast_val-56-_jpg.rf.a6b3d89a23a000fb770da3598b358131.jpg,C:\Users\ihver\Desktop\ay2023-2024-2nd-sem-cmsc190-sp2-ihvergara\images\dataset_HE_L\leaf_blast_HE_L\leaf_blast_val-56-_jpg.rf.a6b3d89a23a000fb770da3598b358131 HE_L.jpg,0.1391
leaf_blast_val-57-_jpg.rf.2ef9163057d08cb84db92cebafc91752.jpg,C:\Users\ihver\Desktop\ay2023-2024-2nd-sem-cmsc190-sp2-ihvergara\images\dataset_HE_L\leaf_blast_HE_L\leaf_blast_val-57-_jpg.rf.2ef9163057d08cb84db92cebafc91752 HE_L.jpg,0.7669
leaf_blast_val-58-_jpg.rf.d34f470a6d5174e3c908cbcd543fecfe.jpg,C:\Users\ihver\Desktop\ay2023-2024-2nd-sem-cmsc190-sp2-ihvergara\images\dataset_HE_L\leaf_blast_HE_L\leaf_blast_val-58-_jpg.rf.d34f470a6d5174e3c908cbcd543fecfe HE_L.jpg,0.8480
leaf_blast_val-59-_jpg.rf.dfd1ce40e9b7303ac74e9ee4ac36e1e3.jpg,C:\Users\ihver\Desktop\ay2023-2024-2nd-sem-cmsc190-sp2-ihvergara\images\dataset_HE_L\leaf_blast_HE_L\leaf_blast_val-59-_jpg.rf.dfd1ce40e9b7303ac74e9ee4ac36e1e3 HE_L.jpg,0.8591
leaf_blast_val-6-_jpg.rf.13495cfbbc0ff4480cdc8f10d8d17a51.jpg,C:\Users\ihver\Desktop\ay2023-2024-2nd-sem-cmsc190-sp2-ihvergara\images\dataset_HE_L\leaf_blast_HE_L\leaf_blast_val-6-_jpg.rf.13495cfbbc0ff4480cdc8f10d8d17a51 HE_L.jpg,0.6448
leaf_blast_val-60-_jpg.rf.794dad615b758fb8349b21f625b89583.jpg,C:\Users\ihver\Desktop\ay2023-2024-2nd-sem-cmsc190-sp2-ihvergara\images\dataset_HE_L\leaf_blast_HE_L\leaf_blast_val-60-_jpg.rf.794dad615b758fb8349b21f625b89583 HE_L.jpg,0.8499
leaf_blast_val-61-_jpg.rf.d44e53a40a3454550915b9f2b962cca3.jpg,C:\Users\ihver\Desktop\ay2023-2024-2nd-sem-cmsc190-sp2-ihvergara\images\dataset_HE_L\leaf_blast_HE_L\leaf_blast_val-61-_jpg.rf.d44e53a40a3454550915b9f2b962cca3 HE_L.jpg,0.8657
leaf_blast_val-62-_jpg.rf.b508816fc435114febe5346144e8ff70.jpg,C:\Users\ihver\Desktop\ay2023-2024-2nd-sem-cmsc190-sp2-ihvergara\images\dataset_HE_L\leaf_blast_HE_L\leaf_blast_val-62-_jpg.rf.b508816fc435114febe5346144e8ff70 HE_L.jpg,0.8888
leaf_blast_val-63-_jpg.rf.5fcc9d3489b879cc645663574cbb599c.jpg,C:\Users\ihver\Desktop\ay2023-2024-2nd-sem-cmsc190-sp2-ihvergara\images\dataset_HE_L\leaf_blast_HE_L\leaf_blast_val-63-_jpg.rf.5fcc9d3489b879cc645663574cbb599c HE_L.jpg,0.7579
leaf_blast_val-64-_jpg.rf.d5c7c8e4fbf3a6310304681101749db4.jpg,C:\Users\ihver\Desktop\ay2023-2024-2nd-sem-cmsc190-sp2-ihvergara\images\dataset_HE_L\leaf_blast_HE_L\leaf_blast_val-64-_jpg.rf.d5c7c8e4fbf3a6310304681101749db4 HE_L.jpg,0.8591
leaf_blast_val-65-_jpg.rf.baa9481c3b1faffe164815f89eba64b0.jpg,C:\Users\ihver\Desktop\ay2023-2024-2nd-sem-cmsc190-sp2-ihvergara\images\dataset_HE_L\leaf_blast_HE_L\leaf_blast_val-65-_jpg.rf.baa9481c3b1faffe164815f89eba64b0 HE_L.jpg,0.5752
leaf_blast_val-66-_jpg.rf.cc8f6f77d051195ac01abefbcd411851.jpg,C:\Users\ihver\Desktop\ay2023-2024-2nd-sem-cmsc190-sp2-ihvergara\images\dataset_HE_L\leaf_blast_HE_L\leaf_blast_val-66-_jpg.rf.cc8f6f77d051195ac01abefbcd411851 HE_L.jpg,0.4309
leaf_blast_val-67-_jpg.rf.5d6bfe91645230e1aa0c625efb38b542.jpg,C:\Users\ihver\Desktop\ay2023-2024-2nd-sem-cmsc190-sp2-ihvergara\images\dataset_HE_L\leaf_blast_HE_L\leaf_blast_val-67-_jpg.rf.5d6bfe91645230e1aa0c625efb38b542 HE_L.jpg,0.4492
leaf_blast_val-68-_jpg.rf.97853ab6d3f8c142581d5d725fd7c9f5.jpg,C:\Users\ihver\Desktop\ay2023-2024-2nd-sem-cmsc190-sp2-ihvergara\images\dataset_HE_L\leaf_blast_HE_L\leaf_blast_val-68-_jpg.rf.97853ab6d3f8c142581d5d725fd7c9f5 HE_L.jpg,0.4888
leaf_blast_val-69-_jpg.rf.971920750d1b6e438722dbaf6ec50719.jpg,C:\Users\ihver\Desktop\ay2023-2024-2nd-sem-cmsc190-sp2-ihvergara\images\dataset_HE_L\leaf_blast_HE_L\leaf_blast_val-69-_jpg.rf.971920750d1b6e438722dbaf6ec50719 HE_L.jpg,0.3056
leaf_blast_val-7-_jpg.rf.52e88a1def4a2eed091068a8aee3a4a9.jpg,C:\Users\ihver\Desktop\ay2023-2024-2nd-sem-cmsc190-sp2-ihvergara\images\dataset_HE_L\leaf_blast_HE_L\leaf_blast_val-7-_jpg.rf.52e88a1def4a2eed091068a8aee3a4a9 HE_L.jpg,0.3706
leaf_blast_val-70-_jpg.rf.ed7c5b2d7311b41075b5e999185e0d99.jpg,C:\Users\ihver\Desktop\ay2023-2024-2nd-sem-cmsc190-sp2-ihvergara\images\dataset_HE_L\leaf_blast_HE_L\leaf_blast_val-70-_jpg.rf.ed7c5b2d7311b41075b5e999185e0d99 HE_L.jpg,0.3926
leaf_blast_val-71-_jpg.rf.447db3e2fcb20bd1b90cd6a54e2f5e90.jpg,C:\Users\ihver\Desktop\ay2023-2024-2nd-sem-cmsc190-sp2-ihvergara\images\dataset_HE_L\leaf_blast_HE_L\leaf_blast_val-71-_jpg.rf.447db3e2fcb20bd1b90cd6a54e2f5e90 HE_L.jpg,0.5403
leaf_blast_val-72-_jpg.rf.6d8f6c36bb79737b533740738ef54a09.jpg,C:\Users\ihver\Desktop\ay2023-2024-2nd-sem-cmsc190-sp2-ihvergara\images\dataset_HE_L\leaf_blast_HE_L\leaf_blast_val-72-_jpg.rf.6d8f6c36bb79737b533740738ef54a09 HE_L.jpg,0.3615
leaf_blast_val-73-_jpg.rf.a84eae0b18b6edb80110f97fe1f577fb.jpg,C:\Users\ihver\Desktop\ay2023-2024-2nd-sem-cmsc190-sp2-ihvergara\images\dataset_HE_L\leaf_blast_HE_L\leaf_blast_val-73-_jpg.rf.a84eae0b18b6edb80110f97fe1f577fb HE_L.jpg,0.2293
leaf_blast_val-74-_jpg.rf.30f3cff3bcef5dd8daf4bc4b46d862cd.jpg,C:\Users\ihver\Desktop\ay2023-2024-2nd-sem-cmsc190-sp2-ihvergara\images\dataset_HE_L\leaf_blast_HE_L\leaf_blast_val-74-_jpg.rf.30f3cff3bcef5dd8daf4bc4b46d862cd HE_L.jpg,0.4267
leaf_blast_val-75-_jpg.rf.3cdb3b06e50af32ab818d53fbf4aa166.jpg,C:\Users\ihver\Desktop\ay2023-2024-2nd-sem-cmsc190-sp2-ihvergara\images\dataset_HE_L\leaf_blast_HE_L\leaf_blast_val-75-_jpg.rf.3cdb3b06e50af32ab818d53fbf4aa166 HE_L.jpg,0.2779
leaf_blast_val-76-_jpg.rf.20aa9e0d7c490d6864f034f224ac82c8.jpg,C:\Users\ihver\Desktop\ay2023-2024-2nd-sem-cmsc190-sp2-ihvergara\images\dataset_HE_L\leaf_blast_HE_L\leaf_blast_val-76-_jpg.rf.20aa9e0d7c490d6864f034f224ac82c8 HE_L.jpg,0.2809
leaf_blast_val-77-_jpg.rf.a1f31eeb8194428b5914999113e86eab.jpg,C:\Users\ihver\Desktop\ay2023-2024-2nd-sem-cmsc190-sp2-ihvergara\images\dataset_HE_L\leaf_blast_HE_L\leaf_blast_val-77-_jpg.rf.a1f31eeb8194428b5914999113e86eab HE_L.jpg,0.3485
leaf_blast_val-78-_jpg.rf.dcf3e5d853f2d1936e13de294ce10e5b.jpg,C:\Users\ihver\Desktop\ay2023-2024-2nd-sem-cmsc190-sp2-ihvergara\images\dataset_HE_L\leaf_blast_HE_L\leaf_blast_val-78-_jpg.rf.dcf3e5d853f2d1936e13de294ce10e5b HE_L.jpg,0.4258
leaf_blast_val-79-_jpg.rf.8b41a55596bbe2ae16174c875cf73ee8.jpg,C:\Users\ihver\Desktop\ay2023-2024-2nd-sem-cmsc190-sp2-ihvergara\images\dataset_HE_L\leaf_blast_HE_L\leaf_blast_val-79-_jpg.rf.8b41a55596bbe2ae16174c875cf73ee8 HE_L.jpg,0.1915
leaf_blast_val-8-_jpg.rf.b2c52e55d8f273106cb14cc08bc4d597.jpg,C:\Users\ihver\Desktop\ay2023-2024-2nd-sem-cmsc190-sp2-ihvergara\images\dataset_HE_L\leaf_blast_HE_L\leaf_blast_val-8-_jpg.rf.b2c52e55d8f273106cb14cc08bc4d597 HE_L.jpg,0.4010
leaf_blast_val-81-_jpg.rf.5448a1c70a18e81a2a35b62e72503deb.jpg,C:\Users\ihver\Desktop\ay2023-2024-2nd-sem-cmsc190-sp2-ihvergara\images\dataset_HE_L\leaf_blast_HE_L\leaf_blast_val-81-_jpg.rf.5448a1c70a18e81a2a35b62e72503deb HE_L.jpg,0.9014
leaf_blast_val-82-_jpg.rf.766a04cc9bcae385532c39272d698bd4.jpg,C:\Users\ihver\Desktop\ay2023-2024-2nd-sem-cmsc190-sp2-ihvergara\images\dataset_HE_L\leaf_blast_HE_L\leaf_blast_val-82-_jpg.rf.766a04cc9bcae385532c39272d698bd4 HE_L.jpg,0.8719
leaf_blast_val-83-_jpg.rf.31c547229cabb9214dcf795189653cd2.jpg,C:\Users\ihver\Desktop\ay2023-2024-2nd-sem-cmsc190-sp2-ihvergara\images\dataset_HE_L\leaf_blast_HE_L\leaf_blast_val-83-_jpg.rf.31c547229cabb9214dcf795189653cd2 HE_L.jpg,0.2461
leaf_blast_val-84-_jpg.rf.ac5debbc9f1edf45d5dd4dd3b429ac8b.jpg,C:\Users\ihver\Desktop\ay2023-2024-2nd-sem-cmsc190-sp2-ihvergara\images\dataset_HE_L\leaf_blast_HE_L\leaf_blast_val-84-_jpg.rf.ac5debbc9f1edf45d5dd4dd3b429ac8b HE_L.jpg,0.4006
leaf_blast_val-85-_jpg.rf.b3a5fcc0d8d56c0d9b31218f75638062.jpg,C:\Users\ihver\Desktop\ay2023-2024-2nd-sem-cmsc190-sp2-ihvergara\images\dataset_HE_L\leaf_blast_HE_L\leaf_blast_val-85-_jpg.rf.b3a5fcc0d8d56c0d9b31218f75638062 HE_L.jpg,0.3825
leaf_blast_val-86-_jpg.rf.84e5443bdf506e244111a6e7ea197e1d.jpg,C:\Users\ihver\Desktop\ay2023-2024-2nd-sem-cmsc190-sp2-ihvergara\images\dataset_HE_L\leaf_blast_HE_L\leaf_blast_val-86-_jpg.rf.84e5443bdf506e244111a6e7ea197e1d HE_L.jpg,0.3022
leaf_blast_val-87-_jpg.rf.976c23b9e67949a973631bd6b9ee6357.jpg,C:\Users\ihver\Desktop\ay2023-2024-2nd-sem-cmsc190-sp2-ihvergara\images\dataset_HE_L\leaf_blast_HE_L\leaf_blast_val-87-_jpg.rf.976c23b9e67949a973631bd6b9ee6357 HE_L.jpg,0.6483
leaf_blast_val-88-_jpg.rf.f5317275245e234016ecd2a5b3225255.jpg,C:\Users\ihver\Desktop\ay2023-2024-2nd-sem-cmsc190-sp2-ihvergara\images\dataset_HE_L\leaf_blast_HE_L\leaf_blast_val-88-_jpg.rf.f5317275245e234016ecd2a5b3225255 HE_L.jpg,0.3700
leaf_blast_val-9-_jpg.rf.59780f9556e9392d261a7d1f805cbaef.jpg,C:\Users\ihver\Desktop\ay2023-2024-2nd-sem-cmsc190-sp2-ihvergara\images\dataset_HE_L\leaf_blast_HE_L\leaf_blast_val-9-_jpg.rf.59780f9556e9392d261a7d1f805cbaef HE_L.jpg,0.6478
